{"id":"121","name":"\u963f\u5179\u5c14","nickname":"\u6c99\u6f20\u7687\u5e1d","duoname":"Azir","filter":"\u6cd5\u5e08","publish":"121","free":"0","money":"6300","point":"4500","base_blood":"30","base_magic":"80","base_physical":"60","base_difficulty":"90","moving_speed":"325.0","range":"525.0","attack":"52(+3.0\/\u6bcf\u7ea7)","attack_speed":"0.625(+1.5%\/\u6bcf\u7ea7)","armor":"17(+3.0\/\u6bcf\u7ea7)","blood":"470(80.0\/\u6bcf\u7ea7)","mana":"322(+42\/\u6bcf\u7ea7)","magic_resistance":"30(+0.0\/\u6bcf\u7ea7)","blood_recovery":"6.55(+0.55\/\u6bcf\u7ea7)\/5\u79d2","magic_recovery":"6(+0.8\/\u6bcf\u7ea7)\/5\u79d2","usetip":"\u7528\u597d\u88ab\u52a8\u6765\u538b\u5236\u654c\u4eba\uff0cW\u6280\u80fd\u53ef\u4ee5\u5728\u76ee\u7684\u5730\u521b\u9020\u4e00\u4e2a\u6c99\u4e4b\u58eb\u5175\uff0c\u4ed6\u80fd\u5bf9\u4e00\u4e2a\u8303\u56f4\u5185\u7684\u654c\u4eba\u9020\u6210\u5a01\u80c1\uff0c\u6bd4\u9ed1\u9ed8\u4e01\u683c\u66f4\u5f3a\u3002E+R\u7684\u7ec4\u5408\u53ef\u4ee5\u9694\u79bb\u654c\u4eba\u7684\u524d\u6392\uff0c\u4f7f\u654c\u4eba\u9635\u578b\u5206\u9694\u3002","killtip":"Azir\u7684W\u548cQ\u6280\u80fd\u6240\u5f62\u6210\u7684\u58eb\u5175\u673a\u5236\uff0c\u867d\u7136\u8ba9\u5e1d\u738b\u81ea\u8eab\u4f53\u4f1a\u5230\u81ea\u5df1\u7684\u63a7\u5236\u80fd\u529b\uff0c\u4f46\u540c\u65f6\u66b4\u9732\u51fa\u8db3\u591f\u7684\u5f31\u70b9\uff0c\u5f3a\u7a81\u8fdb\u7684\u8fdb\u653b\u662f\u5bf9\u6297Azir\u7684\u4e00\u4e2a\u89e3\u51b3\u65b9\u6cd5\u3002","bg":"\u66fe\u662f\u4e00\u540d\u88ab\u81ea\u5927\u4e0e\u50b2\u6162\u6240\u8499\u853d\u7684\u51e1\u4eba\uff0c\u5bf9\u707c\u70ed\u6c99\u6f20\u6709\u7740\u65e0\u4e0a\u7edf\u6cbb\u6743\u7684\u963f\u5179\u5c14\u4ee5\u4e00\u4e2a\u98de\u5347\u8005\u7684\u8eab\u4efd\u91cd\u65b0\u5f52\u6765\u3002\u4ed6\u60f3\u8ba9\u6055\u745e\u739b\u91cd\u56de\u6614\u65e5\u7684\u8363\u5149\uff0c\u4f46\u5728\u79f0\u9738\u9014\u4e2d\u9047\u4e0a\u4e00\u4e9b\u963b\u6320\u3002\u7136\u800c\uff0c\u963f\u5179\u5c14\u7684\u529b\u91cf\u662f\u4e0d\u5bb9\u8d28\u7591\u7684\u3002","keyword":"\u5e1d\u738b \u6c99\u738b \u963f\u5179\u5c14 \u9ec4\u91d1 \u8106\u76ae\u9e21 \u9e21 \u9ec4\u91d1\u8106\u76ae\u9e21","modified":"0000-00-00 00:00:00","blood_base":"470","blood_inc":"80.0","mana_base":"322","mana_inc":"42.0","attack_base":"52","attack_inc":"2.8","attack_speed_base":"0.6","attack_speed_inc":"0.015","armor_base":"17","armor_inc":"3.0","blood_recovery_base":"6.55","blood_recovery_inc":"0.55","magic_recovery_base":"6","magic_recovery_inc":"0.8","magic_resistance_base":"30","magic_resistance_inc":"0.0","area":"\u6055\u745e\u739b","nickpinyin":"shazhidiwang","pic_url":"http:\/\/pic.woqugame.com\/lol\/roles\/Azir.jpg"}