{"id":"122","name":"\u5361\u8389\u4e1d\u5854","nickname":"\u590d\u4ec7\u4e4b\u77db","duoname":"Kalista","filter":"\u5c04\u624b","publish":"122","free":"0","money":"6300","point":"4500","base_blood":"20","base_magic":"40","base_physical":"80","base_difficulty":"70","moving_speed":"325.0","range":"550.0","attack":"57(+3.5\/\u6bcf\u7ea7)","attack_speed":"0.648(+3.0%\/\u6bcf\u7ea7)","armor":"19(+3.5\/\u6bcf\u7ea7)","blood":"517(83.0\/\u6bcf\u7ea7)","mana":"232(+35\/\u6bcf\u7ea7)","magic_resistance":"30(+0.0\/\u6bcf\u7ea7)","blood_recovery":"6(+0.55\/\u6bcf\u7ea7)\/5\u79d2","magic_recovery":"6.3(+0.4\/\u6bcf\u7ea7)\/5\u79d2","usetip":"\u5361\u8389\u4e1d\u5854\u7684Q\u6280\u80fd-\u7075\u9b42\u7a7f\u523a\u53ef\u4ee5\u89e6\u53d1E-\u7075\u9b42\u7c89\u788e\u7684\u6548\u679c\uff0c\u4ee5\u60ca\u4eba\u7684\u901f\u5ea6\u8fdb\u884c\u8fdc\u7a0b\u6d88\u8017\u3002\u5f53\u5361\u8389\u4e1d\u5854\u51b3\u5b9a\u4f7f\u7528R-\u547d\u8fd0\u4e4b\u53ec\u7684\u65f6\u5019\uff0c\u5982\u679c\u5361\u8389\u4e1d\u5854\u548c\u5979\u7684\u7075\u9b42\u7ed1\u5b9a\u8005\u90fd\u80fd\u591f\u5bf9\u654c\u65b9\u82f1\u96c4\u6253\u51fa\u5927\u91cf\u7684\u63a7\u5236\u6548\u679c\uff0c\u90a3\u4e48R-\u547d\u8fd0\u4e4b\u53ec\u5c31\u6210\u4e3a\u4e86\u5236\u9020\u4f24\u5bb3\u548c\u9650\u5236\u654c\u4eba\u7684\u5b8c\u7f8e\u65b9\u6cd5\uff0c\u8ba9\u5361\u8389\u4e1d\u5854\u53ef\u4ee5\u6253\u51fa\u6781\u9650\u4f24\u5bb3\u3002","killtip":"\u7531\u4e8e\u5979\u6ca1\u6709\u5f88\u8fdc\u7684\u5c04\u7a0b\u548c\u53ef\u9760\u7684\u9003\u751f\u80fd\u529b\uff0c\u5361\u8389\u4e1d\u5854\u9700\u8981\u961f\u53cb\u7684\u4fdd\u62a4\u3002","bg":"\u88ab\u53db\u5f92\u8c0b\u6740\u4e4b\u540e\uff0cKalista\u88ab\u6697\u5f71\u5c9b\u7684\u6050\u6016\u529b\u91cf\u626d\u66f2\u4e86\u5fc3\u667a\uff0c\u6210\u4e3a\u4e86\u4e00\u4e2a\u4ea1\u9b42\u3002\u5728\u6b7b\u540e\uff0c\u5979\u5411\u7b26\u6587\u4e4b\u5730\u63d0\u51fa\u4e86\u81ea\u5df1\u7684\u60f3\u6cd5\uff1a\u5411\u590d\u4ec7\u4e4b\u523a\u4ea4\u51fa\u4f60\u7684\u7075\u9b42\uff0c\u5979\u4f1a\u5e2e\u52a9\u4f60\u5bf9\u80cc\u53db\u8005\u5b8c\u6210\u590d\u4ec7\u3002","keyword":"\u590d\u4ec7 \u5361\u8389 \u5361\u8389\u4e1d\u5854 \u8fdc\u7a0b \u7269\u7406 \u5c04\u624b \u5973\u77db\u624b \u4e27\u5c38","modified":"0000-00-00 00:00:00","blood_base":"517","blood_inc":"83.0","mana_base":"232","mana_inc":"35.0","attack_base":"57","attack_inc":"3.5","attack_speed_base":"0.648","attack_speed_inc":"0.03","armor_base":"19","armor_inc":"3.5","blood_recovery_base":"6.0","blood_recovery_inc":"0.55","magic_recovery_base":"6.3","magic_recovery_inc":"0.4","magic_resistance_base":"30","magic_resistance_inc":"0.0","area":"\u6697\u5f71\u5c9b","nickpinyin":"fuchouzhimao","pic_url":"http:\/\/pic.woqugame.com\/lol\/roles\/Kalista.jpg"}