{"id":"28","name":"\u6cfd\u62c9\u65af","nickname":"\u8fdc\u53e4\u5deb\u7075","duoname":"Xerath","filter":"\u6cd5\u5e08","publish":"87","free":"0","money":"4800","point":"2500","base_blood":"30","base_magic":"100","base_physical":"10","base_difficulty":"80","moving_speed":"340.0","range":"525.0","attack":"54.66(+3.0\/\u6bcf\u7ea7)","attack_speed":"0.64(+1.36%\/\u6bcf\u7ea7)","armor":"19.5(+3.5\/\u6bcf\u7ea7)","blood":"460(+80.0\/\u6bcf\u7ea7)","mana":"285(+47.0\/\u6bcf\u7ea7)","magic_resistance":"30(+0.0\/\u6bcf\u7ea7)","blood_recovery":"5.05(+0.55\/\u6bcf\u7ea7)\/5\u79d2","magic_recovery":"6(+0.8\/\u6bcf\u7ea7)\/5\u79d2","usetip":"\u5728\u654c\u4eba\u5954\u5411\u6216\u9003\u79bb\u4f60\u65f6\u65bd\u653e\u3010Q\u5965\u80fd\u8109\u51b2\u3011\uff0c\u547d\u4e2d\u7387\u4f1a\u6bd4\u5728\u654c\u4eba\u8d34\u4f4f\u4f60\u65f6\u9ad8\u3002\n\u4f60\u53ef\u4ee5\u5728\u3010W\u6bc1\u706d\u4e4b\u773c\u3011\u7684\u65bd\u653e\u8fc7\u7a0b\u4e2d\u9884\u5148\u4e0b\u8fbe\u4e0b\u4e00\u4e2a\u6280\u80fd\u7684\u65bd\u653e\u6307\u4ee4\u3002\n\u3010W\u6bc1\u706d\u4e4b\u773c\u3011\u80fd\u8ba9\u76ee\u6807\u51cf\u901f\uff0c\u6709\u52a9\u4e8e\u3010Q\u5965\u80fd\u8109\u51b2\u3011\u7684\u547d\u4e2d\u3002","killtip":"\u6cfd\u62c9\u65af\u7684\u65bd\u6cd5\u8ddd\u79bb\u975e\u5e38\u60ca\u4eba\uff0c\u4f46\u53ea\u8981\u88ab\u9760\u8fd1\u4e86\u62fc\u6d88\u8017\u7684\u8bdd\uff0c\u5927\u90e8\u5206\u82f1\u96c4\u90fd\u53ef\u4ee5\u4ece\u4ed6\u8eab\u4e0a\u5360\u5230\u4fbf\u5b9c\u3002\n \u6cfd\u62c9\u65af\u542f\u52a8\u3010R\u5965\u672f\u4eea\u5f0f\u3011\u9700\u8981\u4e00\u6bb5\u5f88\u957f\u7684\u65f6\u95f4\u3002\u7559\u610f\u4ed6\u7684\u65bd\u6cd5\u52a8\u753b\uff0c\u7136\u540e\u5c31\u6109\u5feb\u5730\u8eb2\u6280\u80fd\u5427\u3002\n\u3010\u5973\u5996\u9762\u7eb1\u3011\u5c06\u4f1a\u4f7f\u6cfd\u62c9\u65af\u66f4\u96be\u7528\u3010E\u51b2\u51fb\u6cd5\u7403\u3011\u5bf9\u4f60\u53d1\u52a8\u8fde\u62db\u3002","bg":"\u5f3a\u5f97\u65e0\u53ef\u4f30\u91cf\uff0c\u88ab\u79f0\u4f5c\u6cfd\u62c9\u65af\u7684\u98de\u5347\u751f\u547d\u4f53\u66fe\u662f\u4e00\u4e2a\u6709\u8840\u6709\u8089\u7684\u51e1\u4eba\u3002\u4ed6\u73b0\u5728\u662f\u4e00\u4e2a\u622a\u7136\u4e0d\u540c\u7684\u4e1c\u897f\u2014\u2014\u4e00\u4e2a\u7531\u7ffb\u817e\u7684\u5965\u672f\u80fd\u91cf\u5f62\u6210\u7684\u751f\u547d\u4f53\u3002\u4ece\u5343\u5e74\u7684\u56da\u7981\u4e2d\u89e3\u8131\u540e\uff0c\u4ed6\u73b0\u5728\u51c6\u5907\u5728\u7b26\u6587\u4e4b\u5730\u4e0a\u91ca\u653e\u4ed6\u7684\u80fd\u91cf\uff0c\u5e76\u5f7b\u5e95\u6bc1\u706d\u4efb\u4f55\u53cd\u5bf9\u4ed6\u7684\u4eba\u3002","keyword":"\u68fa\u6750 \u6cfd\u62c9\u65af \u8fdc\u53e4\u5deb\u7075 \u6cd5\u7cfb \u8fdc\u7a0b \u4e09\u70ae \u6cd5\u5e08","modified":"0000-00-00 00:00:00","blood_base":"460","blood_inc":"80.0","mana_base":"285","mana_inc":"47.0","attack_base":"54.66","attack_inc":"3.0","attack_speed_base":"0.64","attack_speed_inc":"0.0136","armor_base":"19.5","armor_inc":"3.5","blood_recovery_base":"5.05","blood_recovery_inc":"0.55","magic_recovery_base":"6","magic_recovery_inc":"0.8","magic_resistance_base":"30","magic_resistance_inc":"0.0","area":"\u6055\u745e\u739b","nickpinyin":"yuanguwuling","pic_url":"http:\/\/pic.woqugame.com\/lol\/roles\/Xerath.jpg"}