{"id":"31","name":"\u65af\u5361\u7eb3","nickname":"\u6c34\u6676\u5148\u950b","duoname":"Skarner","filter":"\u6218\u58eb","publish":"81","free":"0","money":"4800","point":"3000","base_blood":"60","base_magic":"50","base_physical":"70","base_difficulty":"50","moving_speed":"345.0","range":"125.0","attack":"58.3(+4.5\/\u6bcf\u7ea7)","attack_speed":"0.629(+1.29%\/\u6bcf\u7ea7)","armor":"26.8(+3.8\/\u6bcf\u7ea7)","blood":"536(+90.0\/\u6bcf\u7ea7)","mana":"245(+40.0\/\u6bcf\u7ea7)","magic_resistance":"31.25(+1.25\/\u6bcf\u7ea7)","blood_recovery":"8.35(+0.85\/\u6bcf\u7ea7)\/5\u79d2","magic_recovery":"6.9(+0.45\/\u6bcf\u7ea7)\/5\u79d2","usetip":"\u4f60\u7684\u57fa\u7840\u653b\u51fb\u4f1a\u51cf\u5c11\u6280\u80fd\u7684\u51b7\u5374\u65f6\u95f4\uff0c\u56e0\u6b64\u5728\u8fde\u7eed\u4f7f\u7528\u6c34\u6676\u6a2a\u626b\u4e4b\u95f4\u8fdb\u884c\u57fa\u7840\u653b\u51fb\uff0c\u9020\u6210\u6700\u5927\u4f24\u5bb3\u3002","killtip":"\u8ddd\u79bb\u8f83\u8fdc\u65f6\u65af\u5361\u7eb3\u65e0\u6cd5\u5bf9\u4f60\u9020\u6210\u5927\u91cf\u4f24\u5bb3\uff0c\u56e0\u6b64\u5c3d\u53ef\u80fd\u8fdc\u79bb\u4ed6\uff01\u53ea\u8981\u65af\u5361\u7eb3\u6c34\u6676\u874e\u7532\u91ca\u653e\u7684\u62a4\u76fe\u5b58\u5728\uff0c\u5176\u79fb\u52a8\u901f\u5ea6\u548c\u653b\u51fb\u901f\u5ea6\u5c31\u4f1a\u589e\u52a0\u3002\u653b\u51fb\u4ed6\uff0c\u4ece\u800c\u51cf\u7f13\u4ed6\u7684\u901f\u5ea6\u3002\u6709\u4e9b\u73a9\u5bb6\u4f1a\u51fa\u9632\u5fa1\u88c5\uff0c\u6709\u4e9b\u5219\u4f1a\u51fa\u653b\u51fb\u88c5\u3002\u6839\u636e\u654c\u4eba\u7684\u51fa\u88c5\u5236\u5b9a\u6218\u672f\u3002","bg":"\u65af\u5361\u7eb3\uff0c\u6c34\u6676\u5b88\u536b\uff0c\u4fdd\u536b\u7740\u4e00\u4e2a\u6df1\u57cb\u4e8e\u6055\u745e\u739b\u8352\u6f20\u4e0b\u7684\u56fd\u5ea6\u7684\u5165\u53e3\u3002\u5c11\u6570\u64c5\u81ea\u95ef\u5165\u4ed6\u7684\u5730\u76d8\u5e76\u6d3b\u4e0b\u6765\u7684\u4eba\u5f62\u5bb9\u4ed6\u662f\u4e00\u4e2a\u62e5\u6709\u4ee4\u4eba\u6050\u60e7\u7684\u667a\u529b\u3001\u6124\u6012\u548c\u51c6\u5ea6\u7684\u751f\u7269\u3002\u8fd9\u4e2a\u6b8b\u5fcd\u7684\u751f\u7269\u5728\u5b88\u62a4\u7740\u4ec0\u4e48\uff0c\u6ca1\u4eba\u77e5\u9053\u3002","keyword":"\u874e\u5b50 \u6c34\u6676\u5148\u950b \u65af\u5361\u7eb3 \u5766\u514b \u8fd1\u6218 \u6253\u91ce \u6218\u58eb","modified":"0000-00-00 00:00:00","blood_base":"536","blood_inc":"90.0","mana_base":"245","mana_inc":"40.0","attack_base":"58.3","attack_inc":"4.5","attack_speed_base":"0.629","attack_speed_inc":"0.0129","armor_base":"26.8","armor_inc":"3.8","blood_recovery_base":"8.35","blood_recovery_inc":"0.85","magic_recovery_base":"6.9","magic_recovery_inc":"0.45","magic_resistance_base":"31.25","magic_resistance_inc":"1.25","area":"\u5965\u9edb\u6069\u6eaa\u8c37","nickpinyin":"shuijingxianfeng","pic_url":"http:\/\/pic.woqugame.com\/lol\/roles\/Skarner.jpg"}