{"id":"43","name":"\u5361\u897f\u5965\u4f69\u5a05","nickname":"\u9b54\u86c7\u4e4b\u62e5","duoname":"Cassiopeia","filter":"\u6cd5\u5e08","publish":"66","free":"0","money":"6300","point":"2500","base_blood":"30","base_magic":"90","base_physical":"20","base_difficulty":"100","moving_speed":"335.0","range":"550.0","attack":"50.2(+3.2\/\u6bcf\u7ea7)","attack_speed":"0.65(+1.1%\/\u6bcf\u7ea7)","armor":"19.5(+4.0\/\u6bcf\u7ea7)","blood":"455(+75.0\/\u6bcf\u7ea7)","mana":"330(+60.0\/\u6bcf\u7ea7)","magic_resistance":"30(+0.0\/\u6bcf\u7ea7)","blood_recovery":"5.35(+0.5\/\u6bcf\u7ea7)\/5\u79d2","magic_recovery":"6(+0.8\/\u6bcf\u7ea7)\/5\u79d2","usetip":"\u5bf9\u6655\u7729\u6216\u65e0\u6cd5\u79fb\u52a8\u7684\u4e2d\u6bd2\u76ee\u6807\u4f7f\u7528\u53cc\u751f\u6bd2\u7259\u9020\u6210\u6700\u5927\u4f24\u5bb3\u3002\u63a7\u5236\u654c\u4eba\u4fdd\u8bc1\u6bd2\u96fe\u51b2\u51fb\u547d\u4e2d\u76ee\u6807\u3002\u4e0d\u8981\u541d\u60dc\u4f60\u7684\u6280\u80fd\uff0c\u591a\u6b21\u5feb\u901f\u4f7f\u7528\u6280\u80fd\u4f1a\u5927\u5e45\u964d\u4f4e\u4f60\u7684\u6280\u80fd\u6d88\u8017\u3002","killtip":"\u7559\u5fc3\u5361\u897f\u5965\u4f69\u5a05\u53cc\u751f\u6bd2\u7259\u7684\u7206\u53d1\uff0c\u5c24\u5176\u662f\u4f60\u4e2d\u6bd2\u4e4b\u540e\u3002\u5f53\u5361\u897f\u4fc4\u73c0\u4e9a\u91ca\u653e\u5927\u62db\u65f6\u8f6c\u8eab\u5c31\u4e0d\u4f1a\u88ab\u6655\u7729\uff0c\u53ea\u662f\u51cf\u901f\u3002","bg":"\u5361\u897f\u5965\u4f69\u5a05\u662f\u4e2a\u53ef\u6015\u7684\u751f\u7269\u2014\u2014\u4eba\u9996\u86c7\u8eab\u2014\u2014\u5979\u53ea\u9700\u4e00\u77a5\u5c31\u80fd\u5e26\u6765\u6b7b\u4ea1\u3002\u5979\u662f\u8bfa\u514b\u8428\u65af\u6700\u5177\u5f71\u54cd\u529b\u7684\u67d0\u4e2a\u5bb6\u65cf\u7684\u5c0f\u5973\u513f\uff0c\u66fe\u7ecf\u662f\u4e2a\u7f8e\u4e3d\u4f46\u72e1\u733e\u7684\u4ea4\u9645\u82b1\uff0c\u6709\u80fd\u529b\u64cd\u7eb5\u6700\u6700\u65e0\u60c5\u7684\u5fc3\u3002\u5728\u88ab\u4e00\u4e2a\u6055\u745e\u739b\u9675\u5893\u5b88\u536b\u7684\u6bd2\u6db2\u7ed9\u53d8\u5f62\u540e\uff0c\u5979\u7ee7\u7eed\u4e00\u5982\u5f80\u6614\u5730\u4e3a\u8bfa\u514b\u8428\u65af\u7684\u5229\u76ca\u670d\u52a1\uff0c\u4ee5\u4e00\u79cd\u66f4\u52a0\u2026\u2026\u672c\u80fd\u7684\u65b9\u5f0f\u3002","keyword":"\u86c7\u5973 \u9b54\u86c7\u4e4b\u62e5 \u5361\u897f\u5965\u4f69\u5a05 \u6cd5\u7cfb \u8fdc\u7a0b \u6cd5\u5e08 \u60b2\u5267","modified":"0000-00-00 00:00:00","blood_base":"455","blood_inc":"75.0","mana_base":"330","mana_inc":"60.0","attack_base":"50.2","attack_inc":"3.2","attack_speed_base":"0.65","attack_speed_inc":"0.011","armor_base":"19.5","armor_inc":"4.0","blood_recovery_base":"5.35","blood_recovery_inc":"0.5","magic_recovery_base":"6","magic_recovery_inc":"0.8","magic_resistance_base":"30","magic_resistance_inc":"0.0","area":"\u8bfa\u514b\u8428\u65af","nickpinyin":"moshezhiyong","pic_url":"http:\/\/pic.woqugame.com\/lol\/roles\/Cassiopeia.jpg"}