{"id":"45","name":"\u96f7\u514b\u987f","nickname":"\u8352\u6f20\u5c60\u592b","duoname":"Renekton","filter":"\u6218\u58eb","publish":"70","free":"0","money":"4800","point":"3000","base_blood":"50","base_magic":"20","base_physical":"80","base_difficulty":"30","moving_speed":"345.0","range":"125.0","attack":"56.22(+3.1\/\u6bcf\u7ea7)","attack_speed":"0.66(+1.76%\/\u6bcf\u7ea7)","armor":"23(+3.8\/\u6bcf\u7ea7)","blood":"513(+87.0\/\u6bcf\u7ea7)","mana":"0(+0.0\/\u6bcf\u7ea7)","magic_resistance":"31.25(+1.25\/\u6bcf\u7ea7)","blood_recovery":"7.45(+0.75\/\u6bcf\u7ea7)\/5\u79d2","magic_recovery":"0(+0\/\u6bcf\u7ea7)\/5\u79d2","usetip":"\u6a2a\u51b2\u76f4\u649e\u975e\u5e38\u9002\u5408\u9a9a\u6270\u3002\u5148\u91ca\u653e\u6280\u80fd\u7a81\u5165\uff0c\u89e6\u53d1\u540e\u4f7f\u7528\u76f4\u649e\u8fd4\u56de\u5b89\u5168\u7684\u4f4d\u7f6e\u3002\u72c2\u6012\u72b6\u6001\u4e0b\u66b4\u541b\u72c2\u51fb\u53ef\u4ee5\u6c72\u53d6\u989d\u5916\u7684\u751f\u547d\u503c\uff0c\u4f60\u53ef\u4ee5\u501f\u6b64\u8ba9\u654c\u4eba\u9519\u8bef\u7684\u4f4e\u4f30\u4f60\u3002\u51b7\u5374\u51cf\u7f29\u5bf9\u96f7\u514b\u987f\u6765\u8bf4\u662f\u4e0d\u9519\u7684\u5c5e\u6027\u3002\u53ef\u4ee5\u8fc5\u901f\u83b7\u5f97\u5e76\u4f7f\u7528\u6028\u6c14\u3002","killtip":"\u5728\u96f7\u514b\u987f\u6709\u8db3\u591f\u6012\u6c14\u65f6\uff0c\u8981\u683c\u5916\u5c0f\u5fc3\uff0c\u56e0\u4e3a\u5b83\u901a\u5e38\u6807\u5fd7\u7740\u4ed6\u51c6\u5907\u53d1\u8d77\u653b\u51fb\u4e86\u3002\u901a\u8fc7\u6301\u7eed\u9a9a\u6270\u96f7\u514b\u987f\uff0c\u963b\u6b62\u5176\u8fdb\u884c\u653b\u51fb\u5e76\u83b7\u5f97\u6012\u6c14\uff0c\u80fd\u6781\u5927\u964d\u4f4e\u4ed6\u7684\u6280\u80fd\u6548\u679c\u3002","bg":"\u96f7\u514b\u987f\u66fe\u7ecf\u662f\u53e4\u4ee3\u6055\u745e\u739b\u7684\u4e00\u4f4d\u5fe0\u5b9e\u7684\u95e8\u536b\uff0c\u4f46\u5728\u90a3\u4e2a\u66fe\u7ecf\u8f89\u714c\u7684\u5e1d\u56fd\u9668\u843d\u540e\u7684\u51e0\u767e\u5e74\u91cc\uff0c\u4ed6\u88ab\u72c2\u6027\u7ed9\u541e\u566c\u4e86\u3002\u73b0\u5728\uff0c\u4ed6\u53ea\u4e0d\u8fc7\u662f\u4e00\u5934\u88ab\u72c2\u6012\u9a71\u4f7f\u7740\u7684\u91ce\u517d\uff0c\u60f3\u8981\u6740\u6b7b\u4ed6\u7684\u5144\u5f1f\u5185\u745f\u65af\uff0c\u56e0\u4e3a\u4ed6\u76f8\u4fe1\uff0c\u4ed6\u73b0\u5728\u843d\u5230\u8fd9\u79cd\u5730\u6b65\uff0c\u90fd\u5e94\u8be5\u602a\u5185\u745f\u65af\u3002","keyword":"\u96f7\u514b\u987f \u8352\u6f20\u5c60\u592b \u9cc4\u9c7c \u7a81\u8fdb \u5766\u514b \u8fd1\u6218 \u6218\u58eb \u795e\u8d85","modified":"0000-00-00 00:00:00","blood_base":"513","blood_inc":"87.0","mana_base":"0","mana_inc":"0.0","attack_base":"56.22","attack_inc":"3.1","attack_speed_base":"0.66","attack_speed_inc":"0.0176","armor_base":"23","armor_inc":"3.8","blood_recovery_base":"7.45","blood_recovery_inc":"0.75","magic_recovery_base":"0","magic_recovery_inc":"0","magic_resistance_base":"31.25","magic_resistance_inc":"1.25","area":"\u63d0\u4e9a\u739b\u7279\u6218\u4e89\u5b66\u9662","nickpinyin":"huangmotufu","pic_url":"http:\/\/pic.woqugame.com\/lol\/roles\/Renekton.jpg"}