{"data":[{"id":"8","name":"\u8f9b\u5fb7\u62c9","nickname":"\u6697\u9ed1\u5143\u9996","filter":"\u6cd5\u5e08","nickpinyin":"anheiyuanshou","publish":"104","free":"0","keyword":"\u8f9b\u5fb7\u62c9 \u6697\u9ed1\u5143\u9996 \u6cd5\u7cfb \u8fdc\u7a0b \u7403\u5973 \u6cd5\u5e08 \u73a9\u86cb","money":"6300","point":"4500","area":"\u63d0\u4e9a\u739b\u7279\u6218\u4e89\u5b66\u9662","duoname":"Syndra","pic_url":"http:\/\/pic.woqugame.com\/lol\/roles\/Syndra.jpg"},{"id":"53","name":"\u8587\u6069","nickname":"\u6697\u591c\u730e\u624b","filter":"\u5c04\u624b","nickpinyin":"anyelieshou","publish":"76","free":"0","keyword":"Vn vn \u6697\u591c\u730e\u624b \u8587\u6069 \u7a81\u8fdb \u7269\u7406 \u8fdc\u7a0b \u5899\u5973 \u5c04\u624b uzi UZI","money":"4800","point":"3000","area":"\u5fb7\u739b\u897f\u4e9a","duoname":"Vayne","pic_url":"http:\/\/pic.woqugame.com\/lol\/roles\/Vayne.jpg"},{"id":"114","name":"\u4e9a\u6258\u514b\u65af","nickname":"\u6697\u88d4\u5251\u9b54","filter":"\u6218\u58eb","nickpinyin":"anyijianmo","publish":"114","free":"0","keyword":"\u5251\u9b54 \u4e9a\u6258\u514b\u65af \u6697\u88d4\u5251\u9b54 \u6253\u91ce \u5766\u514b \u63a7\u5236 \u6218\u58eb \u6625\u54e5","money":"6300","point":"4500","area":"","duoname":"Aatrox","pic_url":"http:\/\/pic.woqugame.com\/lol\/roles\/Aatrox.jpg"},{"id":"93","name":"\u963f\u5361\u4e3d","nickname":"\u6697\u5f71\u4e4b\u62f3","filter":"\u523a\u5ba2","nickpinyin":"anyingzhiquan","publish":"57","free":"0","keyword":"\u963f\u5361\u4e3d \u5973\u5fcd \u6697\u5f71\u4e4b\u62f3 \u7269\u7406 \u8fd1\u6218 \u7a81\u8fdb \u523a\u5ba2 \u8650\u83dc\u4e13\u7528 \u60c5\u4eba \u5973\u670b\u53cb \u8a93\u7ea6","money":"3150","point":"2500","area":"\u827e\u6b27\u5c3c\u4e9a","duoname":"Akali","pic_url":"http:\/\/pic.woqugame.com\/lol\/roles\/Akali.jpg"},{"id":"9","name":"\u96f7\u6069\u52a0\u5c14","nickname":"\u50b2\u4e4b\u8ffd\u730e\u8005","filter":"\u523a\u5ba2","nickpinyin":"aozhizhuiliezhe","publish":"103","free":"0","keyword":"\u72ee\u5b50\u72d7 \u8df3\u8df3\u864e \u96f7\u6069\u52a0\u5c14 \u50b2\u4e4b\u8ffd\u730e\u8005 \u7269\u7406 \u8fd1\u6218 \u6253\u91ce \u7a81\u8fdb \u523a\u5ba2","money":"6300","point":"4500","area":"\u63d0\u4e9a\u739b\u7279\u6218\u4e89\u5b66\u9662","duoname":"Rengar","pic_url":"http:\/\/pic.woqugame.com\/lol\/roles\/Rengar.jpg"},{"id":"20","name":"\u5409\u683c\u65af","nickname":"\u7206\u7834\u9b3c\u624d","filter":"\u6cd5\u5e08","nickpinyin":"baopoguicai","publish":"92","free":"0","keyword":"\u70b8\u5f39\u4eba \u5409\u683c\u65af \u7206\u7834\u9b3c\u624d \u7a81\u8fdb \u8fdc\u7a0b \u6cd5\u7cfb \u8463\u5b58\u745e \u6cd5\u5e08 \u7535\u7ade\u6bd2\u7624 U u","money":"6300","point":"4500","area":"\u7ea6\u5fb7\u5c14\u4eba","duoname":"Ziggs","pic_url":"http:\/\/pic.woqugame.com\/lol\/roles\/Ziggs.jpg"},{"id":"84","name":"\u5854\u91cc\u514b","nickname":"\u5b9d\u77f3\u9a91\u58eb","filter":"\u8f85\u52a9","nickpinyin":"baoshiqishi","publish":"42","free":"0","keyword":"\u9a6c\u52a0\u7235 \u5b9d\u77f3 \u5b9d\u77f3\u9a91\u58eb \u5854\u91cc\u514b \u8f85\u52a9 \u5766\u514b \u8fd1\u6218 gay GAY","money":"3150","point":"1500","area":"\u63d0\u4e9a\u739b\u7279\u6218\u4e89\u5b66\u9662","duoname":"Taric","pic_url":"http:\/\/pic.woqugame.com\/lol\/roles\/Taric.jpg"},{"id":"116","name":"\u91d1\u514b\u4e1d","nickname":"\u66b4\u8d70\u841d\u8389","filter":"\u5c04\u624b","nickpinyin":"baozouluoli","publish":"116","free":"0","keyword":"\u66b4\u8d70\u841d\u8389 \u70ae\u624b \u608d\u532a \u5c04\u624b \u91d1\u514b\u4e1d \u5c0f\u841d\u8389","money":"6300","point":"4500","area":"","duoname":"Jinx","pic_url":"http:\/\/pic.woqugame.com\/lol\/roles\/Jinx.jpg"},{"id":"67","name":"\u827e\u5c3c\u7ef4\u4e9a","nickname":"\u51b0\u6676\u51e4\u51f0","filter":"\u6cd5\u5e08","nickpinyin":"bingjingfenghuang","publish":"34","free":"0","keyword":"\u51e4\u51f0 \u51b0\u9e1f \u827e\u5c3c\u7ef4\u4e9a \u51b0\u6676\u51e4\u51f0 \u6cd5\u7cfb \u8fdc\u7a0b \u6cd5\u5e08 \u6625\u54e5 froggen","money":"4800","point":"3500","area":"\u5f17\u96f7\u5c14\u5353\u5fb7","duoname":"Anivia","pic_url":"http:\/\/pic.woqugame.com\/lol\/roles\/Anivia.jpg"},{"id":"113","name":"\u4e3d\u6851\u5353","nickname":"\u51b0\u971c\u5973\u5deb","filter":"\u6cd5\u5e08","nickpinyin":"bingxuenvwu","publish":"113","free":"0","keyword":"\u674e\u4e09\u722a \u4e3d\u6851\u5353 \u51b0\u971c\u5973\u5deb \u6cd5\u7cfb \u8fdc\u7a0b \u7a81\u8fdb \u6cd5\u5e08 \u6cd5\u7237","money":"6300","point":"3000","area":"\u5f17\u96f7\u5c14\u5353\u5fb7","duoname":"Lissandra","pic_url":"http:\/\/pic.woqugame.com\/lol\/roles\/Lissandra.jpg"},{"id":"36","name":"\u5361\u7279\u7433\u5a1c","nickname":"\u4e0d\u7965\u4e4b\u5203","filter":"\u523a\u5ba2","nickpinyin":"buxiangzhiren","publish":"47","free":"0","keyword":"\u4e0d\u8be6 \u5361\u7279 \u4e0d\u7965\u4e4b\u5203 \u5361\u7279\u7433\u5a1c \u7a81\u8fdb \u6cd5\u7cfb \u8fd1\u6218 \u523a\u5ba2 \u4e94\u6740 \u8650\u83dc \u60c5\u4eba","money":"3150","point":"2500","area":"\u8bfa\u514b\u8428\u65af","duoname":"Katarina","pic_url":"http:\/\/pic.woqugame.com\/lol\/roles\/Katarina.jpg"},{"id":"38","name":"\u65af\u7ef4\u56e0","nickname":"\u7b56\u58eb\u7edf\u9886","filter":"\u6cd5\u5e08","nickpinyin":"ceshitongling","publish":"44","free":"0","keyword":"\u4e4c\u9e26 \u7b56\u58eb\u7edf\u9886 \u65af\u7ef4\u56e0 \u5766\u514b \u6cd5\u7cfb \u8fdc\u7a0b \u9e21\u53d4 \u6cd5\u5e08 \u7638\u5b50","money":"4800","point":"3000","area":"\u8bfa\u514b\u8428\u65af","duoname":"Swain","pic_url":"http:\/\/pic.woqugame.com\/lol\/roles\/Swain.jpg"},{"id":"25","name":"\u83f2\u5179","nickname":"\u6f6e\u6c50\u6d77\u7075","filter":"\u523a\u5ba2","nickpinyin":"chaoxihailing","publish":"86","free":"0","keyword":"\u5c0f\u9c7c\u4eba \u51e4\u59d0 \u83f2\u5179 \u6f6e\u6c50\u6d77\u7075 \u8fd1\u6218 \u7a81\u8fdb \u6cd5\u7cfb \u523a\u5ba2 white 55\u5f00","money":"6300","point":"4500","area":"\u6bd4\u5c14\u5409\u6c83\u7279","duoname":"Fizz","pic_url":"http:\/\/pic.woqugame.com\/lol\/roles\/Fizz.jpg"},{"id":"15","name":"\u97e6\u9c81\u65af","nickname":"\u60e9\u6212\u4e4b\u7bad","filter":"\u5c04\u624b","nickpinyin":"chengjiezhijian","publish":"97","free":"0","keyword":"\u97e6\u5c4c\u4e1d \u97e6\u9c81\u65af \u60e9\u6212\u4e4b\u7bad \u7269\u7406 \u8fdc\u7a0b \u6cd5\u7cfb \u5c04\u624b","money":"6300","point":"4500","area":"\u827e\u6b27\u5c3c\u4e9a","duoname":"Varus","pic_url":"http:\/\/pic.woqugame.com\/lol\/roles\/Varus.jpg"},{"id":"92","name":"\u9ed1\u9ed8\u4e01\u683c","nickname":"\u5927\u53d1\u660e\u5bb6","filter":"\u6cd5\u5e08","nickpinyin":"dafamingjia","publish":"48","free":"0","keyword":"\u5927\u5934 \u5927\u53d1\u660e\u5bb6 \u9ed1\u9ed8\u4e01\u683c \u6cd5\u7cfb \u8fdc\u7a0b \u6cd5\u5e08 \u70ae\u53f0 \u6076\u5fc3","money":"3150","point":"2500","area":"\u7ea6\u5fb7\u5c14\u4eba","duoname":"Heimerdinger","pic_url":"http:\/\/pic.woqugame.com\/lol\/roles\/Haimdinger.jpg"},{"id":"41","name":"\u827e\u745e\u8389\u5a05","nickname":"\u5200\u950b\u610f\u5fd7","filter":"\u6218\u58eb","nickpinyin":"daofengyizhi","publish":"64","free":"0","keyword":"\u5973\u5200 \u827e\u745e\u8389\u5a05 \u5200\u950b\u610f\u5fd7 \u7269\u7406 \u8fd1\u6218 \u6218\u58eb \u60b2\u5267 \u62f3\u5934 \u5973\u670b\u53cb","money":"6300","point":"4000","area":"\u827e\u6b27\u5c3c\u4e9a","duoname":"Irelia","pic_url":"http:\/\/pic.woqugame.com\/lol\/roles\/Irelia.jpg"},{"id":"30","name":"\u6cf0\u9686","nickname":"\u5200\u950b\u4e4b\u5f71","filter":"\u523a\u5ba2","nickpinyin":"daofengzhiying","publish":"82","free":"0","keyword":"\u7537\u5200 \u6cf0\u9686 \u5200\u950b\u4e4b\u5f71 \u7a81\u8fdb \u7269\u7406 \u8fd1\u6218 \u523a\u5ba2 \u5272\u811a \u6c89\u9ed8","money":"6300","point":"4500","area":"\u8bfa\u514b\u8428\u65af","duoname":"Talon","pic_url":"http:\/\/pic.woqugame.com\/lol\/roles\/Talon.jpg"},{"id":"107","name":"\u8d75\u4fe1","nickname":"\u5fb7\u90a6\u603b\u7ba1","filter":"\u6218\u58eb","nickpinyin":"debangzongguan","publish":"5","free":"0","keyword":"\u83ca\u82b1\u4fe1 \u83ca\u82b1 \u5fb7\u90a6\u603b\u7ba1 \u8d75\u4fe1 \u7a81\u8fdb \u6253\u91ce \u7269\u7406 \u8fd1\u6218 \u6218\u58eb \u8d75\u4e91","money":"3150","point":"2500","area":"\u5fb7\u739b\u897f\u4e9a","duoname":"XinZhao","pic_url":"http:\/\/pic.woqugame.com\/lol\/roles\/Xinzhao.jpg"},{"id":"48","name":"\u5609\u6587\u56db\u4e16","nickname":"\u5fb7\u739b\u897f\u4e9a\u7687\u5b50","filter":"\u5766\u514b","nickpinyin":"demaxiyahuangzi","publish":"71","free":"0","keyword":"\u5468\u6770\u4f26 \u56db\u963f\u54e5 \u7687\u5b50 \u5fb7\u739b\u897f\u4e9a\u7687\u5b50 \u5609\u6587\u56db\u4e16 \u7a81\u8fdb \u6253\u91ce \u5766\u514b \u8fd1\u6218 \u5b98\u4e8c\u4ee3 pdd","money":"4800","point":"3000","area":"\u5fb7\u739b\u897f\u4e9a","duoname":"JarvanIV","pic_url":"http:\/\/pic.woqugame.com\/lol\/roles\/Jarvan.jpg"},{"id":"95","name":"\u76d6\u4f26","nickname":"\u5fb7\u739b\u897f\u4e9a\u4e4b\u529b","filter":"\u6218\u58eb","nickpinyin":"demaxiyazhili","publish":"59","free":"1","keyword":"\u8349\u4e1b\u4f26 \u76d6\u4f26 \u5fb7\u739b\u897f\u4e9a\u4e4b\u529b \u5766\u514b \u8fd1\u6218 \u6218\u58eb ","money":"3150","point":"1000","area":"\u5fb7\u739b\u897f\u4e9a","duoname":"Garen","pic_url":"http:\/\/pic.woqugame.com\/lol\/roles\/Garen.jpg"},{"id":"1","name":"\u594e\u56e0","nickname":"\u5fb7\u739b\u897f\u4e9a\u4e4b\u7ffc","filter":"\u5c04\u624b","nickpinyin":"demaxiyazhiyi","publish":"111","free":"0","keyword":"\u9e1f\u4eba \u5fb7\u739b\u897f\u4e9a\u4e4b\u7ffc \u594e\u56e0 \u7269\u7406 \u7a81\u8fdb \u9e21\u5973 \u5c04\u624b","money":"6300","point":"4500","area":"\u5fb7\u739b\u897f\u4e9a","duoname":"Quinn","pic_url":"http:\/\/pic.woqugame.com\/lol\/roles\/QuinnandValor.jpg"},{"id":"80","name":"\u83ab\u7518\u5a1c","nickname":"\u5815\u843d\u5929\u4f7f","filter":"\u6cd5\u5e08","nickpinyin":"duoluotianshi","publish":"25","free":"0","keyword":"\u9ed1\u5929\u4f7f \u6885\u5e72\u83dc \u5815\u843d\u5929\u4f7f \u83ab\u7518\u5a1c \u6cd5\u7cfb \u8fdc\u7a0b \u6cd5\u5e08","money":"1350","point":"2000","area":"\u63d0\u4e9a\u739b\u7279\u6218\u4e89\u5b66\u9662","duoname":"Morgana","pic_url":"http:\/\/pic.woqugame.com\/lol\/roles\/Morgana.jpg"},{"id":"91","name":"\u8428\u79d1","nickname":"\u6076\u9b54\u5c0f\u4e11","filter":"\u523a\u5ba2","nickpinyin":"emoxiaochou","publish":"35","free":"0","keyword":"\u5c0f\u4e11 \u8428\u79d1 \u6076\u9b54\u5c0f\u4e11 \u7269\u7406 \u8fd1\u6218 \u6253\u91ce \u7a81\u8fdb \u523a\u5ba2 joker","money":"4800","point":"2000","area":"\u8bfa\u514b\u8428\u65af","duoname":"Shaco","pic_url":"http:\/\/pic.woqugame.com\/lol\/roles\/Shaco.jpg"},{"id":"29","name":"\u9510\u96ef","nickname":"\u653e\u9010\u4e4b\u5203","filter":"\u6218\u58eb","nickpinyin":"fangzhuzhiren","publish":"83","free":"0","keyword":"\u9510\u96ef \u653e\u9010\u4e4b\u5203 \u7a81\u8fdb \u7269\u7406 \u8fd1\u6218 \u6218\u58eb \u5973\u6c49\u5b50 \u9510\u840c\u840c","money":"6300","point":"4500","area":"\u63d0\u4e9a\u739b\u7279\u6218\u4e89\u5b66\u9662","duoname":"Riven","pic_url":"http:\/\/pic.woqugame.com\/lol\/roles\/Riven.jpg"},{"id":"54","name":"\u5965\u8389\u5b89\u5a1c","nickname":"\u53d1\u6761\u9b54\u7075","filter":"\u6cd5\u5e08","nickpinyin":"fatiaomoling","publish":"77","free":"0","keyword":"\u53d1\u6761 \u53d1\u6761\u9b54\u7075 \u5965\u8389\u5b89\u5a1c \u6cd5\u7cfb \u8fdc\u7a0b \u8f85\u52a9 \u6cd5\u5e08 \u673a\u68b0 \u97e6\u795e","money":"6300","point":"3000","area":"\u76ae\u5c14\u7279\u6c83\u592b","duoname":"Orianna","pic_url":"http:\/\/pic.woqugame.com\/lol\/roles\/Oriana.jpg"},{"id":"26","name":"\u683c\u96f7\u798f\u65af","nickname":"\u6cd5\u5916\u72c2\u5f92","filter":"\u5c04\u624b","nickpinyin":"fawaikuangtu","publish":"84","free":"0","keyword":"\u7537\u67aa \u6cd5\u5916\u72c2\u5f92 \u683c\u96f7\u798f\u65af \u7a81\u8fdb \u7269\u7406 \u8fdc\u7a0b \u5c04\u624b \u5468\u514b\u534e","money":"6300","point":"4500","area":"\u6bd4\u5c14\u5409\u6c83\u7279","duoname":"Graves","pic_url":"http:\/\/pic.woqugame.com\/lol\/roles\/Graves.jpg"},{"id":"119","name":"\u5e03\u9686","nickname":"\u5f17\u96f7\u5c14\u5353\u5fb7\u4e4b\u5fc3","filter":"\u8f85\u52a9","nickpinyin":"feileierzhuodezhixin","publish":"119","free":"0","keyword":"\u5927\u53d4 \u5e03\u52b3\u59c6 \u5df4\u59c6 \u5e03\u9686 \u602a\u8700\u9ecd","money":"6300","point":"4500","area":"\u5f17\u96f7\u5c14\u5353\u5fb7","duoname":"Braum","pic_url":"http:\/\/pic.woqugame.com\/lol\/roles\/Braum.jpg"},{"id":"85","name":"\u8fe6\u5a1c","nickname":"\u98ce\u66b4\u4e4b\u6012","filter":"\u8f85\u52a9","nickpinyin":"fengbaozhinu","publish":"39","free":"0","keyword":"\u98ce\u5973 \u98ce\u66b4\u4e4b\u6012 \u8fe6\u5a1c \u8f85\u52a9 \u8fdc\u7a0b 998 \u723d\u5230\u4e0d\u80fd\u547c\u5438 \u60c5\u4eba","money":"1350","point":"2000","area":"\u7956\u5b89","duoname":"Janna","pic_url":"http:\/\/pic.woqugame.com\/lol\/roles\/Janna.jpg"},{"id":"51","name":"\u5e03\u5170\u5fb7","nickname":"\u590d\u4ec7\u7130\u9b42","filter":"\u6cd5\u5e08","nickpinyin":"fuchouyanhun","publish":"73","free":"0","keyword":"\u706b\u4eba \u706b\u7537 \u5e03\u5170\u5fb7 \u590d\u4ec7\u7130\u9b42 \u6cd5\u5e08","money":"4800","point":"2000","area":"\u5fb7\u739b\u897f\u4e9a","duoname":"Brand","pic_url":"http:\/\/pic.woqugame.com\/lol\/roles\/Brand.jpg"},{"id":"122","name":"\u5361\u8389\u4e1d\u5854","nickname":"\u590d\u4ec7\u4e4b\u77db","filter":"\u5c04\u624b","nickpinyin":"fuchouzhimao","publish":"122","free":"0","keyword":"\u590d\u4ec7 \u5361\u8389 \u5361\u8389\u4e1d\u5854 \u8fdc\u7a0b \u7269\u7406 \u5c04\u624b \u5973\u77db\u624b \u4e27\u5c38","money":"6300","point":"4500","area":"\u6697\u5f71\u5c9b","duoname":"Kalista","pic_url":"http:\/\/pic.woqugame.com\/lol\/roles\/Kalista.jpg"},{"id":"105","name":"\u6ce2\u6bd4","nickname":"\u94a2\u94c1\u5927\u4f7f","filter":"\u6218\u58eb","nickpinyin":"gangtiedashi","publish":"52","free":"0","keyword":"\u5154\u5b50 \u6d41\u6c13\u5154 \u94a2\u94c1\u5927\u4f7f \u6ce2\u6bd4 \u5766\u514b \u8fd1\u6218 \u7269\u7406 \u8fd1\u6218 \u7a81\u8fdb \u6218\u58eb","money":"450","point":"1000","area":"\u7ea6\u5fb7\u5c14\u4eba","duoname":"Poppy","pic_url":"http:\/\/pic.woqugame.com\/lol\/roles\/poppy.jpg"},{"id":"88","name":"\u4f0a\u8299\u7433","nickname":"\u5be1\u5987\u5236\u9020\u8005","filter":"\u523a\u5ba2","nickpinyin":"guafuzhizaozhe","publish":"28","free":"0","keyword":"\u4f0a\u8299\u7433 \u5be1\u5987 \u5be1\u5987\u5236\u9020\u8005 \u7269\u7406 \u8fd1\u6218 \u523a\u5ba2 \u9690\u8eab \u8bfa\u8a00 \u5382\u957f","money":"1350","point":"2000","area":"\u6697\u5f71\u5c9b","duoname":"Evelynn","pic_url":"http:\/\/pic.woqugame.com\/lol\/roles\/Evelynn.jpg"},{"id":"39","name":"\u62c9\u514b\u4e1d","nickname":"\u5149\u8f89\u5973\u90ce","filter":"\u6cd5\u5e08","nickpinyin":"guanghuinvlang","publish":"63","free":"0","keyword":"\u5149\u5973 \u62c9\u514b\u4e1d \u5149\u8f89\u5973\u90ce \u6cd5\u7cfb \u8fdc\u7a0b \u6cd5\u5e08 \u767d\u5bcc\u7f8e \u5c0f\u6e05\u65b0 \u5973\u670b\u53cb","money":"3150","point":"2500","area":"\u5fb7\u739b\u897f\u4e9a","duoname":"Lux","pic_url":"http:\/\/pic.woqugame.com\/lol\/roles\/Lux.jpg"},{"id":"40","name":"\u4e50\u8299\u5170","nickname":"\u8be1\u672f\u5996\u59ec","filter":"\u523a\u5ba2","nickpinyin":"guishuyaoji","publish":"9","free":"1","keyword":"\u4e00\u6761\u59d0 \u4e50\u8299\u5170 \u8be1\u672f\u5996\u59ec \u7a81\u8fdb \u6cd5\u7cfb \u8fdc\u7a0b \u523a\u5ba2 \u60c5\u4eba \u6c89\u9ed8","money":"4800","point":"2500","area":"\u8bfa\u514b\u8428\u65af","duoname":"Leblanc","pic_url":"http:\/\/pic.woqugame.com\/lol\/roles\/Leblanc.jpg"},{"id":"62","name":"\u666e\u6717\u514b","nickname":"\u6d77\u6d0b\u4e4b\u707e","filter":"\u6218\u58eb","nickpinyin":"haiyangzhizai","publish":"40","free":"0","keyword":"\u8239\u957f \u6d77\u76d7 \u6d77\u6d0b\u4e4b\u707e \u666e\u6717\u514b \u7269\u7406 \u8fd1\u6218 \u6253\u91ce \u6218\u58eb \u8def\u98de \u6d77\u8d3c\u738b","money":"3150","point":"2500","area":"\u6bd4\u5c14\u5409\u6c83\u7279","duoname":"Gangplank","pic_url":"http:\/\/pic.woqugame.com\/lol\/roles\/Gangplank.jpg"},{"id":"69","name":"\u827e\u5e0c","nickname":"\u5bd2\u51b0\u5c04\u624b","filter":"\u5c04\u624b","nickpinyin":"hanbingsheshou","publish":"22","free":"1","keyword":"\u5bd2\u51b0 \u51b0\u5f13 \u7231\u5c04 \u5bd2\u51b0\u5c04\u624b \u827e\u5e0c \u7269\u7406 \u8fdc\u7a0b \u5c04\u624b \u5973\u738b \u8001\u5a46","money":"450","point":"1000","area":"\u5f17\u96f7\u5c14\u5353\u5fb7","duoname":"Ashe","pic_url":"http:\/\/pic.woqugame.com\/lol\/roles\/Ashe.jpg"},{"id":"70","name":"\u5b89\u59ae","nickname":"\u9ed1\u6697\u4e4b\u5973","filter":"\u6cd5\u5e08","nickpinyin":"heianzhinv","publish":"1","free":"0","keyword":"\u706b\u6cd5 \u706b\u5973 \u5b89\u59ae \u9ed1\u6697\u4e4b\u5973 \u6cd5\u7cfb \u8fdc\u7a0b \u6cd5\u5e08 \u5c0f\u841d\u8389 tabe","money":"4800","point":"2000","area":"\u63d0\u4e9a\u739b\u7279\u6218\u4e89\u5b66\u9662","duoname":"Annie","pic_url":"http:\/\/pic.woqugame.com\/lol\/roles\/Annie.jpg"},{"id":"126","name":"\u5854\u59c6","nickname":"\u6cb3\u6d41\u4e4b\u738b","filter":"\u6218\u58eb","nickpinyin":"heliuzhiwang","publish":"126","free":"0","keyword":"\u86e4\u87c6 \u9cb6\u9c7c \u65b0\u4e1c\u65b9","money":"6300","point":"4500","area":"\u672a\u77e5","duoname":"Tamm","pic_url":"http:\/\/pic.woqugame.com\/lol\/roles\/Tamm.jpg"},{"id":"4","name":"\u5a1c\u7f8e","nickname":"\u5524\u6f6e\u9c9b\u59ec","filter":"\u8f85\u52a9","nickpinyin":"huanchaoji","publish":"108","free":"0","keyword":"\u4eba\u9c7c \u5a1c\u7f8e \u5524\u6f6e\u9c9b\u59ec \u6cd5\u7cfb \u8fdc\u7a0b \u8f85\u52a9 ","money":"6300","point":"4500","area":"\u6bd4\u5c14\u5409\u6c83\u7279","duoname":"Nami","pic_url":"http:\/\/pic.woqugame.com\/lol\/roles\/Nami.jpg"},{"id":"45","name":"\u96f7\u514b\u987f","nickname":"\u8352\u6f20\u5c60\u592b","filter":"\u6218\u58eb","nickpinyin":"huangmotufu","publish":"70","free":"0","keyword":"\u96f7\u514b\u987f \u8352\u6f20\u5c60\u592b \u9cc4\u9c7c \u7a81\u8fdb \u5766\u514b \u8fd1\u6218 \u6218\u58eb \u795e\u8d85","money":"4800","point":"3000","area":"\u63d0\u4e9a\u739b\u7279\u6218\u4e89\u5b66\u9662","duoname":"Renekton","pic_url":"http:\/\/pic.woqugame.com\/lol\/roles\/Renekton.jpg"},{"id":"2","name":"\u9524\u77f3","nickname":"\u9b42\u9501\u5178\u72f1\u957f","filter":"\u8f85\u52a9","nickpinyin":"hunsuodianyuchang","publish":"110","free":"0","keyword":"\u9524\u77f3 \u9b42\u9501\u5178\u72f1\u957f \u6cd5\u7cfb \u8fdc\u7a0b \u8f85\u52a9 \u64a9\u9634\u52fe madlife","money":"6300","point":"4500","area":"\u6697\u5f71\u5c9b","duoname":"Thresh","pic_url":"http:\/\/pic.woqugame.com\/lol\/roles\/Thresh.jpg"},{"id":"10","name":"\u9edb\u5b89\u5a1c","nickname":"\u768e\u6708\u5973\u795e","filter":"\u6218\u58eb","nickpinyin":"jiaoyuenvshen","publish":"102","free":"0","keyword":"\u768e\u6708 \u9edb\u5b89\u5a1c \u5973\u795e \u6cd5\u7cfb \u8fd1\u6218 \u6253\u91ce \u7a81\u8fdb \u6218\u58eb","money":"6300","point":"4500","area":"\u5de8\u795e\u5cf0","duoname":"Diana","pic_url":"http:\/\/pic.woqugame.com\/lol\/roles\/Diana.jpg"},{"id":"117","name":"\u4e9a\u7d22","nickname":"\u75be\u98ce\u5251\u8c6a","filter":"\u6218\u58eb","nickpinyin":"jifengjianhao","publish":"117","free":"0","keyword":"\u75be\u98ce\u5251\u8c6a \u4e9a\u7d22 \u65e5\u672c\u5251\u5ba2 \u6b66\u58eb \u65e0\u72b6\u6001 dade","money":"6300","point":"4500","area":"","duoname":"Yasuo","pic_url":"http:\/\/pic.woqugame.com\/lol\/roles\/Yasuo.jpg"},{"id":"11","name":"\u5a55\u62c9","nickname":"\u8346\u68d8\u4e4b\u5174","filter":"\u6cd5\u5e08","nickpinyin":"jingjizhixing","publish":"101","free":"0","keyword":"\u690d\u7269\u5973 \u8346\u68d8\u4e4b\u5174 \u5a55\u62c9 \u8fdc\u7a0b \u6cd5\u7cfb \u6cd5\u5e08","money":"4800","point":"3500","area":"\u63d0\u4e9a\u739b\u7279\u6218\u4e89\u5b66\u9662","duoname":"Zyra","pic_url":"http:\/\/pic.woqugame.com\/lol\/roles\/Zyra.jpg"},{"id":"99","name":"\u83ab\u5fb7\u51ef\u6492","nickname":"\u91d1\u5c5e\u5927\u5e08","filter":"\u6218\u58eb","nickpinyin":"jinshudashi","publish":"56","free":"0","keyword":"\u94c1\u7537 \u91d1\u5c5e \u91d1\u5c5e\u5927\u5e08 \u83ab\u5fb7\u51ef\u6492 \u5766\u514b \u8fd1\u6218 \u6218\u58eb \u5237\u5b50","money":"3150","point":"1500","area":"\u6697\u5f71\u5c9b","duoname":"Mordekaiser","pic_url":"http:\/\/pic.woqugame.com\/lol\/roles\/Mordekaiser.jpg"},{"id":"102","name":"\u53e4\u62c9\u52a0\u65af","nickname":"\u9152\u6876","filter":"\u6cd5\u5e08","nickpinyin":"jiutong","publish":"53","free":"0","keyword":"\u9152\u9b3c \u9152\u6876 \u53e4\u62c9\u52a0\u65af \u5766\u514b \u8fd1\u6218 \u7a81\u8fdb \u6cd5\u5e08 \u80d6\u5b50","money":"3150","point":"2500","area":"\u5b8f\u4f1f\u5c4f\u969c","duoname":"Gragas","pic_url":"http:\/\/pic.woqugame.com\/lol\/roles\/Gragas.jpg"},{"id":"23","name":"\u963f\u72f8","nickname":"\u4e5d\u5c3e\u5996\u72d0","filter":"\u6cd5\u5e08","nickpinyin":"jiuweiyaohu","publish":"89","free":"0","keyword":"\u963f\u72f8 \u4e5d\u5c3e\u5996\u72d0 \u72d0\u72f8 \u8fdc\u7a0b \u7a81\u8fdb \u6cd5\u7cfb \u6cd5\u5e08 \u8001\u5a46 \u60c5\u4eba \u5973\u670b\u53cb","money":"6300","point":"3500","area":"\u827e\u6b27\u5c3c\u4e9a","duoname":"Ahri","pic_url":"http:\/\/pic.woqugame.com\/lol\/roles\/Ahri.jpg"},{"id":"52","name":"\u5170\u535a","nickname":"\u673a\u68b0\u516c\u654c","filter":"\u6218\u58eb","nickpinyin":"jixiegongdi","publish":"75","free":"0","keyword":"\u55b7\u706b\u5a03 \u673a\u68b0\u516c\u654c \u5170\u535a \u7a81\u8fdb \u6cd5\u7cfb \u5766\u514b \u8fd1\u6218 \u6218\u58eb","money":"4800","point":"3000","area":"\u7ea6\u5fb7\u5c14\u4eba","duoname":"Rumble","pic_url":"http:\/\/pic.woqugame.com\/lol\/roles\/Rumble.jpg"},{"id":"22","name":"\u7ef4\u514b\u6258","nickname":"\u673a\u68b0\u5148\u9a71","filter":"\u6cd5\u5e08","nickpinyin":"jixiexianqu","publish":"90","free":"0","keyword":"\u4e09\u53ea\u624b \u673a\u68b0\u5148\u9a71 \u7ef4\u514b\u6258 \u8fdc\u7a0b \u6cd5\u7cfb \u6cd5\u5e08","money":"4800","point":"2500","area":"\u7956\u5b89","duoname":"Viktor","pic_url":"http:\/\/pic.woqugame.com\/lol\/roles\/Viktor.jpg"},{"id":"34","name":"\u7ea6\u91cc\u514b","nickname":"\u6398\u5893\u8005","filter":"\u6218\u58eb","nickpinyin":"juemuzhe","publish":"78","free":"0","keyword":"\u7ea6\u91cc\u514b \u6398\u5893 \u6398\u5893\u8005 \u7a81\u8fdb \u5766\u514b \u7269\u7406 \u8fd1\u6218 \u6218\u58eb \u5c38\u4f53 \u76d7\u5893","money":"3150","point":"2500","area":"\u6697\u5f71\u5c9b","duoname":"Yorick","pic_url":"http:\/\/pic.woqugame.com\/lol\/roles\/Yorick.jpg"},{"id":"42","name":"\u7279\u6717\u5fb7\u5c14","nickname":"\u5de8\u9b54\u4e4b\u738b","filter":"\u6218\u58eb","nickpinyin":"jumozhiwang","publish":"65","free":"1","keyword":"\u7279\u6717\u5fb7\u5c14 \u5de8\u9b54 \u5de8\u9b54\u4e4b\u738b \u7269\u7406 \u8fd1\u6218 \u6253\u91ce \u6218\u58eb \u4e11\u9b3c \u5de8\u6839","money":"3150","point":"2500","area":"\u5de8\u9b54\u90e8\u843d","duoname":"Trundle","pic_url":"http:\/\/pic.woqugame.com\/lol\/roles\/Trundle.jpg"},{"id":"87","name":"\u5d14\u65af\u7279","nickname":"\u5361\u724c\u5927\u5e08","filter":"\u6cd5\u5e08","nickpinyin":"kapaidashi","publish":"4","free":"0","keyword":"\u5361\u724c \u5361\u724c\u5927\u5e08 \u5d14\u65af\u7279 \u7269\u7406 \u8fdc\u7a0b \u6cd5\u7cfb \u7a81\u8fdb \u6cd5\u5e08 \u82e5\u98ce","money":"4800","point":"3000","area":"\u63d0\u4e9a\u739b\u7279\u6218\u4e89\u5b66\u9662","duoname":"TwistedFate","pic_url":"http:\/\/pic.woqugame.com\/lol\/roles\/Twisted.jpg"},{"id":"96","name":"\u51ef\u5357","nickname":"\u72c2\u66b4\u4e4b\u5fc3","filter":"\u6cd5\u5e08","nickpinyin":"kuangbaozhixin","publish":"58","free":"0","keyword":"\u7535\u8017\u5b50 \u51ef\u5357 \u72c2\u66b4\u4e4b\u5fc3 \u6cd5\u7cfb \u8fdc\u7a0b \u7a81\u8fdb \u6cd5\u5e08","money":"4800","point":"2500","area":"\u827e\u6b27\u5c3c\u4e9a","duoname":"Kennen","pic_url":"http:\/\/pic.woqugame.com\/lol\/roles\/Kennen.jpg"},{"id":"100","name":"\u5948\u5fb7\u4e3d","nickname":"\u72c2\u91ce\u5973\u730e\u624b","filter":"\u523a\u5ba2","nickpinyin":"kuangyenvlieshou","publish":"50","free":"1","keyword":"\u5976\u5927\u529b \u8c79\u5973 \u5948\u5fb7\u4e3d \u72c2\u91ce\u5973\u730e\u624b \u7269\u7406 \u8fdc\u7a0b \u523a\u5ba2 \u60ca\u559c","money":"6300","point":"3500","area":"\u5e93\u83bd\u53e4\u68ee\u6797","duoname":"Nidalee","pic_url":"http:\/\/pic.woqugame.com\/lol\/roles\/Nidalee.jpg"},{"id":"103","name":"\u5965\u62c9\u592b","nickname":"\u72c2\u6218\u58eb","filter":"\u6218\u58eb","nickpinyin":"kuangzhanshi","publish":"2","free":"0","keyword":"\u75af\u72d7 \u72c2\u6218 \u7eaf\u7237\u4eec \u5965\u62c9\u592b \u72c2\u6218\u58eb \u5766\u514b \u8fd1\u6218 \u7269\u7406 \u6253\u91ce \u8fd1\u6218 \u6218\u58eb \u8349\u8393","money":"3150","point":"1500","area":"\u5fb7\u739b\u897f\u4e9a","duoname":"Olaf","pic_url":"http:\/\/pic.woqugame.com\/lol\/roles\/Olaf.jpg"},{"id":"24","name":"\u6c83\u5229\u8d1d\u5c14","nickname":"\u96f7\u9706\u5486\u54ee","filter":"\u6218\u58eb","nickpinyin":"leipaoxiao","publish":"88","free":"0","keyword":"\u72d7\u718a \u96f7\u9706\u5486\u54ee \u6c83\u5229\u8d1d\u5c14 \u7269\u7406 \u8fd1\u6218 \u6253\u91ce \u5766\u514b \u8fd1\u6218 \u6218\u58eb","money":"6300","point":"4500","area":"\u5f17\u96f7\u5c14\u5353\u5fb7","duoname":"Volibear","pic_url":"http:\/\/pic.woqugame.com\/lol\/roles\/Volibear.jpg"},{"id":"59","name":"\u8f9b\u5409\u5fb7","nickname":"\u70bc\u91d1\u672f\u58eb","filter":"\u5766\u514b","nickpinyin":"lianjinshushi","publish":"27","free":"0","keyword":"\u70bc\u91d1 \u4e09\u6bdb \u8f9b\u5409\u5fb7 \u70bc\u91d1\u672f\u58eb \u5766\u514b \u8fd1\u6218 \u6076\u5fc3 \u5954\u8dd1\u5427","money":"1350","point":"2000","area":"\u7956\u5b89","duoname":"Singed","pic_url":"http:\/\/pic.woqugame.com\/lol\/roles\/Singed.jpg"},{"id":"21","name":"\u745f\u5e84\u59ae","nickname":"\u51db\u51ac\u4e4b\u6012","filter":"\u5766\u514b","nickpinyin":"lindongzhinu","publish":"91","free":"0","keyword":"\u732a\u5973 \u51db\u51ac\u4e4b\u6012 \u745f\u5e84\u59ae \u7a81\u8fdb \u7269\u7406 \u5766\u514b \u8fd1\u6218 \u6253\u91ce \u732a\u59b9","money":"4800","point":"3500","area":"\u5f17\u96f7\u5c14\u5353\u5fb7","duoname":"Sejuani","pic_url":"http:\/\/pic.woqugame.com\/lol\/roles\/Sejuani.jpg"},{"id":"35","name":"\u745e\u5179","nickname":"\u6d41\u6d6a\u6cd5\u5e08","filter":"\u6cd5\u5e08","nickpinyin":"liulangfashi","publish":"13","free":"1","keyword":"\u5149\u5934 \u6d41\u6d6a \u6d41\u6d6a\u6cd5\u5e08 \u745e\u5179 \u6cd5\u7cfb \u8fdc\u7a0b \u6cd5\u5e08 \u5927\u54e5 gogoing","money":"450","point":"1000","area":"\u63d0\u4e9a\u739b\u7279\u6218\u4e89\u5b66\u9662","duoname":"Ryze","pic_url":"http:\/\/pic.woqugame.com\/lol\/roles\/Ryze.jpg"},{"id":"124","name":"\u5df4\u5fb7","nickname":"\u661f\u754c\u6e38\u795e","filter":"\u8f85\u52a9","nickpinyin":"liulangshouhuzhe","publish":"124","free":"0","keyword":"\u8001\u5934 \u91d1\u8eab \u4f20\u9001 \u7f16\u949f","money":"6300","point":"4500","area":"\u672a\u77e5\u7a7a\u95f4","duoname":"Bard","pic_url":"http:\/\/pic.woqugame.com\/lol\/roles\/Bard.jpg"},{"id":"27","name":"\u5e0c\u74e6\u5a1c","nickname":"\u9f99\u8840\u6b66\u59ec","filter":"\u6218\u58eb","nickpinyin":"longxuewuji","publish":"85","free":"0","keyword":"\u9f99\u5973 \u9f99\u8840\u6b66\u59ec \u5e0c\u74e6\u5a1c \u7a81\u8fdb \u6253\u91ce \u7269\u7406 \u8fd1\u6218 \u6218\u58eb","money":"6300","point":"4500","area":"\u5fb7\u739b\u897f\u4e9a","duoname":"Shyvana","pic_url":"http:\/\/pic.woqugame.com\/lol\/roles\/Shyvana.jpg"},{"id":"71","name":"\u5d14\u4e1d\u5854\u5a1c","nickname":"\u9ea6\u6797\u70ae\u624b","filter":"\u5c04\u624b","nickpinyin":"mailinpaoshou","publish":"18","free":"0","keyword":"\u5c0f\u70ae \u70ae\u5a18 \u5d14\u4e1d\u5854\u5a1c \u9ea6\u6797\u70ae\u624b \u7a81\u8fdb \u7269\u7406 \u8fdc\u7a0b \u5c04\u624b","money":"1350","point":"1000","area":"\u7ea6\u5fb7\u5c14\u4eba","duoname":"Tristana","pic_url":"http:\/\/pic.woqugame.com\/lol\/roles\/Tristana.jpg"},{"id":"50","name":"\u674e\u9752","nickname":"\u76f2\u50e7","filter":"\u6218\u58eb","nickpinyin":"mangseng","publish":"74","free":"0","keyword":"\u778e\u5b50 \u76f2\u50e7 \u674e\u9752 \u7a81\u8fdb \u6253\u91ce \u5766\u514b \u8fd1\u6218 \u6218\u58eb insec \u76ae\u5c0f\u79c0 \u4e00\u79d2\u516d\u811a","money":"4800","point":"3000","area":"\u827e\u6b27\u5c3c\u4e9a","duoname":"LeeSin","pic_url":"http:\/\/pic.woqugame.com\/lol\/roles\/Leesin.jpg"},{"id":"60","name":"\u6cf0\u8fbe\u7c73\u5c14","nickname":"\u86ee\u65cf\u4e4b\u738b","filter":"\u6218\u58eb","nickpinyin":"manzuzhiwang","publish":"23","free":"0","keyword":"\u86ee\u5b50 \u86ee\u4e09\u5200 5\u79d2\u771f\u7537\u4eba \u86ee\u738b \u86ee\u65cf\u4e4b\u738b \u6cf0\u8fbe\u7c73\u5c14 \u7a81\u8fdb \u7269\u7406 \u6253\u91ce \u8fd1\u6218 \u6218\u58eb \u516b\u8def\u5976\u7c89","money":"4800","point":"3500","area":"\u5f17\u96f7\u5c14\u5353\u5fb7","duoname":"Tryndamere","pic_url":"http:\/\/pic.woqugame.com\/lol\/roles\/Tryndamere.jpg"},{"id":"120","name":"\u7eb3\u5c14","nickname":"\u8ff7\u5931\u4e4b\u7259","filter":"\u6218\u58eb","nickpinyin":"mishizhiya","publish":"120","free":"0","keyword":"\u5c0f\u4e2a\u5b50\u730e\u4eba \u7eb3\u5c14 \u7ea6\u5fb7\u5c14 \u9017\u6bd4","money":"6300","point":"4500","area":"\u7ea6\u5fb7\u5c14\u4eba","duoname":"Gnar","pic_url":"http:\/\/pic.woqugame.com\/lol\/roles\/Gnar.jpg"},{"id":"65","name":"\u8d39\u5fb7\u63d0\u514b","nickname":"\u672b\u65e5\u4f7f\u8005","filter":"\u6cd5\u5e08","nickpinyin":"morishizhe","publish":"8","free":"0","keyword":"\u672b\u65e5 \u7a3b\u8349\u4eba \u672b\u65e5\u4f7f\u8005 \u8d39\u5fb7\u63d0\u514b \u6cd5\u5e08 \u6050\u60e7 \u5438\u661f\u5927\u6cd5","money":"1350","point":"2000","area":"\u63d0\u4e9a\u739b\u7279\u6218\u4e89\u5b66\u9662","duoname":"FiddleSticks","pic_url":"http:\/\/pic.woqugame.com\/lol\/roles\/Fiddlesticks.jpg"},{"id":"43","name":"\u5361\u897f\u5965\u4f69\u5a05","nickname":"\u9b54\u86c7\u4e4b\u62e5","filter":"\u6cd5\u5e08","nickpinyin":"moshezhiyong","publish":"66","free":"0","keyword":"\u86c7\u5973 \u9b54\u86c7\u4e4b\u62e5 \u5361\u897f\u5965\u4f69\u5a05 \u6cd5\u7cfb \u8fdc\u7a0b \u6cd5\u5e08 \u60b2\u5267","money":"6300","point":"2500","area":"\u8bfa\u514b\u8428\u65af","duoname":"Cassiopeia","pic_url":"http:\/\/pic.woqugame.com\/lol\/roles\/Cassiopeia.jpg"},{"id":"106","name":"\u614e","nickname":"\u66ae\u5149\u4e4b\u773c","filter":"\u5766\u514b","nickpinyin":"muguangzhiyan","publish":"62","free":"0","keyword":"\u5fcd\u8005 \u7537\u5fcd \u66ae\u5149\u4e4b\u773c \u614e \u5766\u514b \u8fd1\u6218 \u6253\u91ce \u7a81\u8fdb Iphone ","money":"3150","point":"2500","area":"\u827e\u6b27\u5c3c\u4e9a","duoname":"Shen","pic_url":"http:\/\/pic.woqugame.com\/lol\/roles\/Shen.jpg"},{"id":"47","name":"\u8302\u51ef","nickname":"\u626d\u66f2\u6811\u7cbe","filter":"\u5766\u514b","nickpinyin":"niuqushujing","publish":"69","free":"1","keyword":"\u6811\u4eba \u626d\u66f2\u6811\u7cbe \u8302\u51ef \u7a81\u8fdb \u5766\u514b \u8fd1\u6218 \u6254\u513f\u72c2\u9b54 ","money":"4800","point":"3000","area":"\u63d0\u4e9a\u739b\u7279\u6218\u4e89\u5b66\u9662","duoname":"Maokai","pic_url":"http:\/\/pic.woqugame.com\/lol\/roles\/Maokai.jpg"},{"id":"75","name":"\u963f\u5229\u65af\u5854","nickname":"\u725b\u5934\u914b\u957f","filter":"\u5766\u514b","nickpinyin":"niutouqiuchang","publish":"12","free":"0","keyword":"\u725b\u5934 \u8001\u725b \u725b\u5934\u914b\u957f \u963f\u5229\u65af\u5854 \u7a81\u8fdb \u5766\u514b \u8fd1\u6218 ","money":"1350","point":"1000","area":"\u5b8f\u4f1f\u5c4f\u969c","duoname":"Alistar","pic_url":"http:\/\/pic.woqugame.com\/lol\/roles\/Alistar.jpg"},{"id":"14","name":"\u5fb7\u83b1\u5384\u65af","nickname":"\u8bfa\u514b\u8428\u65af\u4e4b\u624b","filter":"\u6218\u58eb","nickpinyin":"nuokesasizhishou","publish":"98","free":"0","keyword":"\u5c0f\u5b66\u751f\u4e4b\u624b \u8bfa\u514b\u8428\u65af\u4e4b\u624b \u5fb7\u83b1\u5384\u65af \u6253\u91ce \u8fd1\u6218 \u5766\u514b \u7269\u7406 \u6218\u58eb \u4eba\u5934\u72d7 \u8463\u5c0f\u98d2","money":"6300","point":"4500","area":"\u8bfa\u514b\u8428\u65af","duoname":"Darius","pic_url":"http:\/\/pic.woqugame.com\/lol\/roles\/Darius.jpg"},{"id":"44","name":"\u51ef\u7279\u7433","nickname":"\u76ae\u57ce\u5973\u8b66","filter":"\u5c04\u624b","nickpinyin":"pichengnvjing","publish":"68","free":"0","keyword":"\u5973\u8b66 \u76ae\u57ce \u76ae\u57ce\u5973\u8b66 \u51ef\u7279\u7433 \u7269\u7406 \u8fdc\u7a0b \u5c04\u624b \u767d\u5bcc\u7f8e","money":"6300","point":"3000","area":"\u76ae\u5c14\u7279\u6c83\u592b","duoname":"Caitlyn","pic_url":"http:\/\/pic.woqugame.com\/lol\/roles\/Caitlyn.jpg"},{"id":"3","name":"\u851a","nickname":"\u76ae\u57ce\u6267\u6cd5\u5b98","filter":"\u6218\u58eb","nickpinyin":"pichengzhifaguan","publish":"109","free":"0","keyword":"\u57ce\u7ba1 \u851a \u76ae\u57ce\u6267\u6cd5\u5b98 \u7269\u7406 \u8fd1\u6218 \u6253\u91ce \u7a81\u8fdb \u5c0f\u592a\u59b9 \u6218\u58eb \u5973\u6c49\u5b50","money":"6300","point":"4500","area":"\u76ae\u5c14\u7279\u6c83\u592b","duoname":"Vi","pic_url":"http:\/\/pic.woqugame.com\/lol\/roles\/Vi.jpg"},{"id":"81","name":"\u62c9\u83ab\u65af","nickname":"\u62ab\u7532\u9f99\u9f9f","filter":"\u5766\u514b","nickpinyin":"pijialonggui","publish":"33","free":"0","keyword":"\u9f99\u9f9f \u4e4c\u9f9f \u62ab\u7532\u9f99\u9f9f \u62c9\u83ab\u65af \u7a81\u8fdb \u5766\u514b \u8fd1\u6218 \u6253\u91ce \u738b\u516b","money":"3150","point":"2500","area":"\u6055\u745e\u739b","duoname":"Rammus","pic_url":"http:\/\/pic.woqugame.com\/lol\/roles\/Rammus.jpg"},{"id":"37","name":"\u5a11\u5a1c","nickname":"\u7434\u745f\u4ed9\u5973","filter":"\u8f85\u52a9","nickpinyin":"qinsexiannv","publish":"37","free":"0","keyword":"\u7434\u5973 \u7434\u745f\u4ed9\u5973 \u5a11\u5a1c \u8f85\u52a9 36E 36e \u5927\u54aa\u54aa \u8001\u5a46 \u60c5\u4eba \u5973\u670b\u53cb \u7b11\u7b11","money":"3150","point":"2500","area":"\u827e\u6b27\u5c3c\u4e9a","duoname":"Sona","pic_url":"http:\/\/pic.woqugame.com\/lol\/roles\/Sona.jpg"},{"id":"32","name":"\u5b59\u609f\u7a7a","nickname":"\u9f50\u5929\u5927\u5723","filter":"\u6218\u58eb","nickpinyin":"qitiandasheng","publish":"79","free":"0","keyword":"\u7334\u5b50 \u9f50\u5929\u5927\u5723 \u5b59\u609f\u7a7a \u7a81\u8fdb \u5766\u514b \u8fd1\u6218 \u6218\u58eb \u7334\u54e5","money":"6300","point":"4500","area":"\u63d0\u4e9a\u739b\u7279\u6218\u4e89\u5b66\u9662","duoname":"MonkeyKing","pic_url":"http:\/\/pic.woqugame.com\/lol\/roles\/Monkeyking.jpg"},{"id":"63","name":"\u58a8\u83f2\u7279","nickname":"\u7194\u5ca9\u5de8\u517d","filter":"\u5766\u514b","nickpinyin":"rongyanjushou","publish":"46","free":"0","keyword":"\u77f3\u5934\u4eba \u7194\u5ca9\u5de8\u517d \u58a8\u83f2\u7279 \u7a81\u8fdb \u5766\u514b \u8fd1\u6218 ","money":"1350","point":"1000","area":"\u63d0\u4e9a\u739b\u7279\u6218\u4e89\u5b66\u9662","duoname":"Malphite","pic_url":"http:\/\/pic.woqugame.com\/lol\/roles\/Malphite.jpg"},{"id":"13","name":"\u5fb7\u83b1\u6587","nickname":"\u8363\u8000\u884c\u5211\u5b98","filter":"\u5c04\u624b","nickpinyin":"rongyaoxingxingguan","publish":"99","free":"0","keyword":"\u5c71\u8d3c \u5fb7\u83b1\u6587 \u8363\u8000\u884c\u5211\u5b98 \u7269\u7406 \u8fdc\u7a0b \u5c04\u624b \u5fb7\u83b1\u8054\u76df \u6587\u68ee\u7279","money":"6300","point":"4500","area":"\u8bfa\u514b\u8428\u65af","duoname":"Draven","pic_url":"http:\/\/pic.woqugame.com\/lol\/roles\/Draven.jpg"},{"id":"78","name":"\u5185\u745f\u65af","nickname":"\u6c99\u6f20\u6b7b\u795e","filter":"\u6218\u58eb","nickpinyin":"shamosishen","publish":"49","free":"0","keyword":"\u72d7\u5934 \u9986\u957f \u6c99\u738b \u6c99\u6f20\u6b7b\u795e \u5185\u745f\u65af \u5766\u514b \u8fd1\u6218 \u6218\u58eb","money":"3150","point":"2500","area":"\u63d0\u4e9a\u739b\u7279\u6218\u4e89\u5b66\u9662","duoname":"Nasus","pic_url":"http:\/\/pic.woqugame.com\/lol\/roles\/Nasus.jpg"},{"id":"111","name":"\u5384\u8fd0\u5c0f\u59d0","nickname":"\u8d4f\u91d1\u730e\u4eba","filter":"\u5c04\u624b","nickpinyin":"shangjinlieren","publish":"21","free":"0","keyword":"\u597d\u8fd0\u59d0 \u5973\u67aa \u8d4f\u91d1\u730e\u4eba \u5384\u8fd0\u5c0f\u59d0 \u7269\u7406 \u8fdc\u7a0b \u5c04\u624b \u60c5\u4eba","money":"3150","point":"2500","area":"\u6bd4\u5c14\u5409\u6c83\u7279","duoname":"MissFortune","pic_url":"http:\/\/pic.woqugame.com\/lol\/roles\/Missfortune.jpg"},{"id":"57","name":"\u963f\u6728\u6728","nickname":"\u6b87\u4e4b\u6728\u4e43\u4f0a","filter":"\u5766\u514b","nickpinyin":"shangzhimunaiyi","publish":"32","free":"1","keyword":"\u6728\u6728 \u6728\u4e43\u4f0a \u7a81\u8fdb \u5766\u514b \u8fd1\u6218 \u6253\u91ce \u6b63\u592a \u5c0f\u53ef\u601c","money":"1350","point":"2000","area":"\u7ea6\u5fb7\u5c14\u4eba","duoname":"Amumu","pic_url":"http:\/\/pic.woqugame.com\/lol\/roles\/Amumu.jpg"},{"id":"109","name":"\u52a0\u91cc\u5965","nickname":"\u54e8\u5175\u4e4b\u6b87","filter":"\u5766\u514b","nickpinyin":"shaobingzhi","publish":"3","free":"0","keyword":"\u77f3\u50cf\u9b3c \u54e8\u5175\u4e4b\u6b87 \u52a0\u91cc\u5965 \u5766\u514b \u8fd1\u6218 \u6cd5\u5766","money":"4800","point":"2000","area":"\u5fb7\u739b\u897f\u4e9a","duoname":"Galio","pic_url":"http:\/\/pic.woqugame.com\/lol\/roles\/Galio.jpg"},{"id":"121","name":"\u963f\u5179\u5c14","nickname":"\u6c99\u6f20\u7687\u5e1d","filter":"\u6cd5\u5e08","nickpinyin":"shazhidiwang","publish":"121","free":"0","keyword":"\u5e1d\u738b \u6c99\u738b \u963f\u5179\u5c14 \u9ec4\u91d1 \u8106\u76ae\u9e21 \u9e21 \u9ec4\u91d1\u8106\u76ae\u9e21","money":"6300","point":"4500","area":"\u6055\u745e\u739b","duoname":"Azir","pic_url":"http:\/\/pic.woqugame.com\/lol\/roles\/Azir.jpg"},{"id":"112","name":"\u624e\u514b","nickname":"\u751f\u5316\u9b54\u4eba","filter":"\u5766\u514b","nickpinyin":"shenghuamoren","publish":"112","free":"0","keyword":"\u9b54\u4eba\u5e03\u6b27 \u7fd4\u6218\u58eb \u624e\u514b \u751f\u5316\u9b54\u4eba \u8fd1\u6218 \u6253\u91ce \u7a81\u8fdb \u7eff\u5de8\u4eba","money":"4800","point":"3000","area":"\u7956\u5b89","duoname":"Zac","pic_url":"http:\/\/pic.woqugame.com\/lol\/roles\/Zac.jpg"},{"id":"115","name":"\u5362\u9521\u5b89","nickname":"\u5723\u67aa\u6e38\u4fa0","filter":"\u5c04\u624b","nickpinyin":"shengqiangyouxia","publish":"115","free":"0","keyword":"\u7537\u53cc\u67aa \u5965\u5df4\u9a6c \u5723\u67aa\u6e38\u4fa0 \u5362\u9521\u5b89 \u7269\u7406 \u8fdc\u7a0b \u5c04\u624b \u9ed1\u4eba","money":"6300","point":"4500","area":"","duoname":"Lucian","pic_url":"http:\/\/pic.woqugame.com\/lol\/roles\/Lucian.jpg"},{"id":"19","name":"\u8bfa\u63d0\u52d2\u65af","nickname":"\u6df1\u6d77\u6cf0\u5766","filter":"\u5766\u514b","nickpinyin":"shenhaitaitan","publish":"93","free":"0","keyword":"\u6cf0\u5766 \u6df1\u6d77\u6cf0\u5766 \u8bfa\u63d0\u52d2\u65af \u8fd1\u6218 \u6cd5\u7cfb \u5766\u514b \u6cd5\u7cfb \u6253\u91ce \u7a81\u8fdb ","money":"4800","point":"3500","area":"\u63d0\u4e9a\u739b\u7279\u6218\u4e89\u5b66\u9662","duoname":"Nautilus","pic_url":"http:\/\/pic.woqugame.com\/lol\/roles\/Nautilus.jpg"},{"id":"66","name":"\u51ef\u5c14","nickname":"\u5ba1\u5224\u5929\u4f7f","filter":"\u6218\u58eb","nickpinyin":"shenpantianshi","publish":"10","free":"0","keyword":"\u5929\u4f7f \u51ef\u5c14 \u5ba1\u5224\u5929\u4f7f \u7269\u7406 \u8fd1\u6218 \u6218\u58eb \u65e0\u654c","money":"450","point":"1000","area":"\u63d0\u4e9a\u739b\u7279\u6218\u4e89\u5b66\u9662","duoname":"Kayle","pic_url":"http:\/\/pic.woqugame.com\/lol\/roles\/Kayle.jpg"},{"id":"97","name":"\u514b\u683c\u83ab","nickname":"\u6df1\u6e0a\u5de8\u53e3","filter":"\u5c04\u624b","nickpinyin":"shenyuanjukou","publish":"61","free":"0","keyword":"\u5927\u5634 \u6df1\u6e0a\u5de8\u53e3 \u514b\u683c\u83ab \u6cd5\u7cfb \u8fdc\u7a0b \u5c04\u624b \u5410\u53e3\u6c34 \u62c9\u767b","money":"6300","point":"2000","area":"\u865a\u7a7a\u4e16\u754c\u827e\u5361\u897f\u4e9a","duoname":"KogMaw","pic_url":"http:\/\/pic.woqugame.com\/lol\/roles\/Kogmaw.jpg"},{"id":"86","name":"\u57fa\u5170","nickname":"\u65f6\u5149\u5b88\u62a4\u8005","filter":"\u8f85\u52a9","nickpinyin":"shiguangshouhuzhe","publish":"26","free":"1","keyword":"\u949f\u8001\u5934 \u65f6\u949f \u57fa\u5170 \u65f6\u5149\u5b88\u62a4\u8005 \u6cd5\u7cfb \u8fdc\u7a0b \u8f85\u52a9 \u57fa\u4f6c \u6625\u54e5\u4e4b\u7236","money":"450","point":"1000","area":"\u5384\u5c14\u63d0\u65af\u5766","duoname":"Zilean","pic_url":"http:\/\/pic.woqugame.com\/lol\/roles\/Zilean.jpg"},{"id":"125","name":"\u827e\u514b","nickname":"\u65f6\u95f4\u523a\u5ba2","filter":"\u523a\u5ba2","nickpinyin":"shijiancike","publish":"125","free":"0","keyword":"\u6740\u9a6c\u7279 \u827e\u514b \u65f6\u95f4\u523a\u5ba2","money":"6300","point":"4500","area":"\u7956\u5b89","duoname":"Ekko","pic_url":"http:\/\/pic.woqugame.com\/lol\/roles\/Ekko.jpg"},{"id":"79","name":"\u6c83\u91cc\u514b","nickname":"\u55dc\u8840\u730e\u624b","filter":"\u6218\u58eb","nickpinyin":"shixuelieshou","publish":"19","free":"0","keyword":"\u72fc\u4eba \u55dc\u8840\u730e\u624b \u6c83\u91cc\u514b \u7a81\u8fdb \u7269\u7406 \u8fd1\u6218 \u6253\u91ce \u5766\u514b \u6218\u58eb","money":"3150","point":"2500","area":"\u7956\u5b89","duoname":"Warwick","pic_url":"http:\/\/pic.woqugame.com\/lol\/roles\/Warick.jpg"},{"id":"94","name":"\u4e4c\u8fea\u5c14","nickname":"\u517d\u7075\u884c\u8005","filter":"\u6218\u58eb","nickpinyin":"shoulingxingzhe","publish":"51","free":"1","keyword":"\u5fb7\u9c81\u4f0a \u79bd\u517d \u517d\u7075\u884c\u8005 \u4e4c\u8fea\u5c14 \u8fd1\u6218 \u6218\u58eb \u6253\u91ce \u6218\u58eb \u556a\u556a","money":"3150","point":"2500","area":"\u827e\u6b27\u5c3c\u4e9a","duoname":"Udyr","pic_url":"http:\/\/pic.woqugame.com\/lol\/roles\/Udyr.jpg"},{"id":"110","name":"\u5384\u52a0\u7279","nickname":"\u9996\u9886\u4e4b\u50b2","filter":"\u5c04\u624b","nickpinyin":"shoulingzhiao","publish":"6","free":"0","keyword":"\u9996\u9886 \u8783\u87f9 \u5384\u52a0\u7279 \u9996\u9886\u4e4b\u50b2 \u7269\u7406 \u8fdc\u7a0b \u5c04\u624b","money":"1350","point":"1000","area":"\u8bfa\u514b\u8428\u65af","duoname":"Urgot","pic_url":"http:\/\/pic.woqugame.com\/lol\/roles\/Urgot.jpg"},{"id":"33","name":"\u857e\u6b27\u5a1c","nickname":"\u66d9\u5149\u5973\u795e","filter":"\u5766\u514b","nickpinyin":"shuguangnvshen","publish":"80","free":"0","keyword":"\u5973\u5766 \u857e\u6b27\u5a1c \u66d9\u5149\u5973\u795e \u7a81\u8fdb \u7269\u7406 \u5766\u514b \u8fd1\u6218 \u65e5\u5973 \u5973\u6c49\u5b50","money":"4800","point":"3000","area":"\u5de8\u795e\u5cf0","duoname":"Leona","pic_url":"http:\/\/pic.woqugame.com\/lol\/roles\/Leona.jpg"},{"id":"31","name":"\u65af\u5361\u7eb3","nickname":"\u6c34\u6676\u5148\u950b","filter":"\u6218\u58eb","nickpinyin":"shuijingxianfeng","publish":"81","free":"0","keyword":"\u874e\u5b50 \u6c34\u6676\u5148\u950b \u65af\u5361\u7eb3 \u5766\u514b \u8fd1\u6218 \u6253\u91ce \u6218\u58eb","money":"4800","point":"3000","area":"\u5965\u9edb\u6069\u6eaa\u8c37","duoname":"Skarner","pic_url":"http:\/\/pic.woqugame.com\/lol\/roles\/Skarner.jpg"},{"id":"89","name":"\u5361\u5c14\u8428\u65af","nickname":"\u6b7b\u4ea1\u9882\u5531\u8005","filter":"\u6cd5\u5e08","nickpinyin":"siwangsongchangzhe","publish":"30","free":"0","keyword":"\u6b7b\u6b4c \u6b7b\u4ea1\u9882\u5531\u8005 \u5361\u5c14\u8428\u65af \u6cd5\u7cfb \u8fdc\u7a0b \u6cd5\u5e08 \u6b7b\u4e86\u90fd\u8981\u7231","money":"6300","point":"3000","area":"\u6697\u5f71\u5c9b","duoname":"Karthus","pic_url":"http:\/\/pic.woqugame.com\/lol\/roles\/Karthus.jpg"},{"id":"101","name":"\u4f0a\u6cfd\u745e\u5c14","nickname":"\u63a2\u9669\u5bb6","filter":"\u5c04\u624b","nickpinyin":"tanxianjia","publish":"55","free":"0","keyword":"\u5927\u4f0a\u6cfd \u4eb2\u513f\u5b50 \u63a2\u9669\u5bb6 \u4f0a\u6cfd\u745e\u5c14 \u7269\u7406 \u8fdc\u7a0b \u7a81\u8fdb \u5c04\u624b \u7f8e\u7537\u5b50 \u8054\u76df\u6700\u5e05 \u5fae\u7b11","money":"4800","point":"3000","area":"\u76ae\u5c14\u7279\u6c83\u592b","duoname":"Ezreal","pic_url":"http:\/\/pic.woqugame.com\/lol\/roles\/Ezreal.jpg"},{"id":"46","name":"\u5361\u5c14\u739b","nickname":"\u5929\u542f\u8005","filter":"\u6cd5\u5e08","nickpinyin":"tianqizhe","publish":"67","free":"0","keyword":"\u6247\u5b50\u5988 \u5929\u542f\u8005 \u5361\u5c14\u739b \u6cd5\u5e08 \u8fdc\u7a0b \u8f85\u52a9 \u6cd5\u5e08","money":"3150","point":"2500","area":"\u827e\u6b27\u5c3c\u4e9a","duoname":"Karma","pic_url":"http:\/\/pic.woqugame.com\/lol\/roles\/Karma.jpg"},{"id":"83","name":"\u8d5b\u6069","nickname":"\u4ea1\u7075\u6218\u795e","filter":"\u6218\u58eb","nickpinyin":"wanglingyongshi","publish":"14","free":"0","keyword":"\u4ea1\u7075 \u4ea1\u7075\u52c7\u58eb \u8d5b\u6069 \u6cd5\u7cfb \u8fd1\u6218 \u9738\u54e5 \u50f5\u5c38 \u6218\u58eb \u4ea1\u7075\u6218\u795e","money":"1350","point":"2000","area":"\u8bfa\u514b\u8428\u65af","duoname":"Sion","pic_url":"http:\/\/pic.woqugame.com\/lol\/roles\/Sion.jpg"},{"id":"12","name":"\u6770\u65af","nickname":"\u672a\u6765\u5b88\u62a4\u8005","filter":"\u6218\u58eb","nickpinyin":"weilaishouhuzhe","publish":"100","free":"0","keyword":"\u672a\u6765\u5b88\u62a4\u8005 \u6770\u65af \u6253\u91ce \u7269\u7406 \u8fd1\u6218 \u8fdc\u7a0b \u7a81\u8fdb \u9ad8\u5bcc\u5e05 \u6218\u58eb","money":"6300","point":"3500","area":"\u76ae\u5c14\u7279\u6c83\u592b","duoname":"Jayce","pic_url":"http:\/\/pic.woqugame.com\/lol\/roles\/Jayce.jpg"},{"id":"90","name":"\u56fe\u5947","nickname":"\u761f\u75ab\u4e4b\u6e90","filter":"\u5c04\u624b","nickpinyin":"wenyizhiyuan","publish":"29","free":"1","keyword":"\u8001\u9f20 \u8017\u5b50 \u761f\u75ab\u4e4b\u6e90 \u56fe\u5947 \u7269\u7406 \u8fdc\u7a0b \u5c04\u624b \u68d2\u5b50 \u9690\u8eab","money":"4800","point":"3000","area":"\u7956\u5b89","duoname":"Twitch","pic_url":"http:\/\/pic.woqugame.com\/lol\/roles\/Twitch.jpg"},{"id":"73","name":"\u6613","nickname":"\u65e0\u6781\u5251\u5723","filter":"\u523a\u5ba2","nickpinyin":"wujijiansheng","publish":"11","free":"0","keyword":"\u5077\u5854 \u5251\u5723 \u65e0\u6781 \u6613 \u7a81\u8fdb \u6253\u91ce \u7269\u7406 \u8fd1\u6218 \u523a\u5ba2 \u8d31\u4eba","money":"450","point":"1000","area":"\u827e\u6b27\u5c3c\u4e9a","duoname":"MasterYi","pic_url":"http:\/\/pic.woqugame.com\/lol\/roles\/yi.jpg"},{"id":"72","name":"\u8d3e\u514b\u65af","nickname":"\u6b66\u5668\u5927\u5e08","filter":"\u6218\u58eb","nickpinyin":"wuqidashi","publish":"24","free":"0","keyword":"\u4e00\u706f\u5927\u5e08 \u6b66\u5668 \u5927\u5e08 \u8d3e\u514b\u65af \u7a81\u8fdb \u7269\u7406 \u8fd1\u6218 \u6218\u58eb \u771f\u7537\u4eba","money":"3150","point":"2500","area":"\u63d0\u4e9a\u739b\u7279\u6218\u4e89\u5b66\u9662","duoname":"Jax","pic_url":"http:\/\/pic.woqugame.com\/lol\/roles\/Jax.jpg"},{"id":"18","name":"\u83f2\u5965\u5a1c","nickname":"\u65e0\u53cc\u5251\u59ec","filter":"\u6218\u58eb","nickpinyin":"wushuangjianji","publish":"94","free":"0","keyword":"\u5973\u5251 \u65e0\u53cc \u5251\u59ec \u83f2\u5965\u5a1c \u8fd1\u6218 \u7269\u7406 \u6253\u91ce \u7a81\u8fdb \u6218\u58eb \u66b4\u529b \u897f\u95e8 \u4e00\u79d2\u4e94\u5200 \u7535\u7ade\u5b54\u5b50","money":"6300","point":"4500","area":"\u5fb7\u739b\u897f\u4e9a","duoname":"Fiora","pic_url":"http:\/\/pic.woqugame.com\/lol\/roles\/Fiora.jpg"},{"id":"17","name":"\u7490\u7490","nickname":"\u4ed9\u7075\u5973\u5deb","filter":"\u8f85\u52a9","nickpinyin":"xianlingnvwu","publish":"95","free":"0","keyword":"\u7490\u7490 \u4ed9\u7075\u5973\u5deb \u8f85\u52a9 \u8fdc\u7a0b \u6cd5\u7cfb \u641e\u602a \u9017","money":"6300","point":"4500","area":"\u7ea6\u5fb7\u5c14\u4eba","duoname":"Lulu","pic_url":"http:\/\/pic.woqugame.com\/lol\/roles\/Lulu.jpg"},{"id":"58","name":"\u7ef4\u8fe6","nickname":"\u90aa\u6076\u5c0f\u6cd5\u5e08","filter":"\u6cd5\u5e08","nickpinyin":"xieexiaofashi","publish":"43","free":"0","keyword":"\u5c0f\u6cd5 \u90aa\u6076\u5c0f\u6cd5\u5e08 \u7ef4\u8fe6 \u6cd5\u7cfb \u8fdc\u7a0b \u6cd5\u5e08 \u79d2\u4eba","money":"1350","point":"2000","area":"\u7ea6\u5fb7\u5c14\u4eba","duoname":"Veigar","pic_url":"http:\/\/pic.woqugame.com\/lol\/roles\/Veigar.jpg"},{"id":"108","name":"\u5f17\u62c9\u57fa\u7c73\u5c14","nickname":"\u7329\u7ea2\u6536\u5272\u8005","filter":"\u6cd5\u5e08","nickpinyin":"xinghongshougezhe","publish":"7","free":"0","keyword":"\u5438\u8840\u9b3c \u8840\u6cd5 \u7329\u7ea2\u6536\u5272\u8005 \u5f17\u62c9\u57fa\u7c73\u5c14 \u6cd5\u7cfb \u8fdc\u7a0b \u6cd5\u5e08 \u5927\u59e8\u5988","money":"3150","point":"2500","area":"\u8bfa\u514b\u8428\u65af","duoname":"Vladimir","pic_url":"http:\/\/pic.woqugame.com\/lol\/roles\/Vladimir.jpg"},{"id":"56","name":"\u52aa\u52aa","nickname":"\u96ea\u4eba\u9a91\u58eb","filter":"\u8f85\u52a9","nickpinyin":"xuerenqishi","publish":"20","free":"0","keyword":"\u96ea\u4eba \u96ea\u4eba\u9a91\u58eb \u52aa\u52aa \u8f85\u52a9 \u5766\u514b \u8fd1\u6218 \u6253\u91ce ","money":"450","point":"1000","area":"\u5f17\u96f7\u5c14\u5353\u5fb7","duoname":"Nunu","pic_url":"http:\/\/pic.woqugame.com\/lol\/roles\/Nunu.jpg"},{"id":"123","name":"\u96f7\u514b\u585e","nickname":"\u865a\u7a7a\u9041\u5730\u517d","filter":"\u6218\u58eb","nickpinyin":"xukongdundizhe","publish":"123","free":"0","keyword":"\u865a\u7a7a \u6316\u6398\u673a \u74e6\u7235\u57fa \u9041\u5730 \u96f7\u514b\u8d5b \u94bb\u5730\u866b \u84dd\u7fd4","money":"6300","point":"4500","area":"\u865a\u7a7a\u4e16\u754c\u827e\u5361\u897f\u4e9a","duoname":"Reksai","pic_url":"http:\/\/pic.woqugame.com\/lol\/roles\/Reksai.jpg"},{"id":"55","name":"\u79d1\u52a0\u65af","nickname":"\u865a\u7a7a\u6050\u60e7","filter":"\u5766\u514b","nickpinyin":"xukongkongju","publish":"31","free":"0","keyword":"\u5927\u866b\u5b50 \u865a\u7a7a\u6050\u60e7 \u79d1\u52a0\u65af \u5766\u514b \u8fd1\u6218 \u5de8\u65e0\u9738 \u4f53\u578b","money":"3150","point":"1500","area":"\u865a\u7a7a\u4e16\u754c\u827e\u5361\u897f\u4e9a","duoname":"Chogath","pic_url":"http:\/\/pic.woqugame.com\/lol\/roles\/Chagath.jpg"},{"id":"7","name":"\u5361\u5179\u514b","nickname":"\u865a\u7a7a\u63a0\u593a\u8005","filter":"\u523a\u5ba2","nickpinyin":"xukonglueduozhe","publish":"105","free":"0","keyword":"\u87b3\u8782 \u865a\u7a7a\u63a0\u593a\u8005 \u5361\u5179\u514b \u7269\u7406 \u8fd1\u6218 \u6253\u91ce \u7a81\u8fdb \u523a\u5ba2 F4 \u7075\u836f","money":"6300","point":"4500","area":"\u865a\u7a7a\u4e16\u754c\u827e\u5361\u897f\u4e9a","duoname":"Khazix","pic_url":"http:\/\/pic.woqugame.com\/lol\/roles\/Khazix.jpg"},{"id":"98","name":"\u739b\u5c14\u624e\u54c8","nickname":"\u865a\u7a7a\u5148\u77e5","filter":"\u6cd5\u5e08","nickpinyin":"xukongxianzhi","publish":"60","free":"1","keyword":"\u8682\u86b1 \u6ce2\u65af\u738b\u5b50 \u9a6c\u5927\u54c8 \u739b\u5c14\u624e\u54c8 \u865a\u7a7a\u5148\u77e5 \u6cd5\u7cfb \u8fdc\u7a0b \u6cd5\u5e08","money":"4800","point":"3000","area":"\u865a\u7a7a\u4e16\u754c\u827e\u5361\u897f\u4e9a","duoname":"Malzahar","pic_url":"http:\/\/pic.woqugame.com\/lol\/roles\/Malzahar.jpg"},{"id":"82","name":"\u5361\u8428\u4e01","nickname":"\u865a\u7a7a\u884c\u8005","filter":"\u523a\u5ba2","nickpinyin":"xukongxingzhe","publish":"38","free":"0","keyword":"\u5361\u8428 \u5361\u8428\u4e01 \u865a\u7a7a\u884c\u8005 \u7a81\u8fdb \u8fd1\u6218 \u6cd5\u7cfb \u523a\u5ba2 \u9e21\u9e21\u8138 jj\u8138 \u6c89\u9ed8","money":"3150","point":"2500","area":"\u865a\u7a7a\u4e16\u754c\u827e\u5361\u897f\u4e9a","duoname":"Kassadin","pic_url":"http:\/\/pic.woqugame.com\/lol\/roles\/Kassadin.jpg"},{"id":"118","name":"\u7ef4\u514b\u5179","nickname":"\u865a\u7a7a\u4e4b\u773c","filter":"\u6cd5\u5e08","nickpinyin":"xukongzhiyan","publish":"118","free":"0","keyword":"\u7ef4\u514b\u5179 \u89e6\u624b \u516b\u722a \u602a\u7269 \u4e2d\u8def\u6cd5\u5e08 \u865a\u7a7a\u4e4b\u773c ","money":"6300","point":"4500","area":"\u865a\u7a7a\u4e16\u754c\u827e\u5361\u897f\u4e9a","duoname":"Velkoz","pic_url":"http:\/\/pic.woqugame.com\/lol\/roles\/Velkoz.jpg"},{"id":"68","name":"\u63d0\u83ab","nickname":"\u8fc5\u6377\u65a5\u5019","filter":"\u5c04\u624b","nickpinyin":"xunjiechihou","publish":"17","free":"0","keyword":"\u8611\u83c7 \u63d0\u767e\u4e07 \u5632\u8bbd\u8138 \u8fc5\u6377\u65a5\u5019 \u63d0\u83ab \u7269\u7406 \u8fdc\u7a0b \u5c04\u624b \u5e72\u6b7b\u4ed6 \u4f53\u578b","money":"6300","point":"3500","area":"\u7ea6\u5fb7\u5c14\u4eba","duoname":"Teemo","pic_url":"http:\/\/pic.woqugame.com\/lol\/roles\/Teemo.jpg"},{"id":"5","name":"\u52ab","nickname":"\u5f71\u6d41\u4e4b\u4e3b","filter":"\u523a\u5ba2","nickpinyin":"yingliuzhizhu","publish":"107","free":"0","keyword":"\u52ab \u5f71\u6d41\u4e4b\u4e3b \u7269\u7406 \u8fd1\u6218 \u6253\u91ce \u7a81\u8fdb \u523a\u5ba2 faker Faker hai","money":"6300","point":"4500","area":"\u827e\u6b27\u5c3c\u4e9a","duoname":"Zed","pic_url":"http:\/\/pic.woqugame.com\/lol\/roles\/Zed.jpg"},{"id":"74","name":"\u5e93\u5947","nickname":"\u82f1\u52c7\u6295\u5f39\u624b","filter":"\u5c04\u624b","nickpinyin":"yingyongtoudanshou","publish":"41","free":"0","keyword":"\u5e93\u5947 \u82f1\u52c7\u6295\u5f39\u624b \u7a81\u8fdb \u7269\u7406 \u8fdc\u7a0b \u98de\u673a \u5c04\u624b \u624b\u901f","money":"6300","point":"3500","area":"\u7ea6\u5fb7\u5c14\u4eba","duoname":"Corki","pic_url":"http:\/\/pic.woqugame.com\/lol\/roles\/Corki.jpg"},{"id":"49","name":"\u9b54\u817e","nickname":"\u6c38\u6052\u68a6\u9b47","filter":"\u523a\u5ba2","nickpinyin":"yonghengmeng","publish":"72","free":"0","keyword":"NOC \u6c38\u6052\u68a6\u9b47 \u9b54\u817e \u7a81\u8fdb \u6253\u91ce \u7269\u7406 \u8fd1\u6218 \u523a\u5ba2 \u5173\u706f","money":"4800","point":"3000","area":"\u63d0\u4e9a\u739b\u7279\u6218\u4e89\u5b66\u9662","duoname":"Nocturne","pic_url":"http:\/\/pic.woqugame.com\/lol\/roles\/Nocturne.jpg"},{"id":"127","name":"\u5343\u73cf","nickname":"\u6c38\u730e\u53cc\u5b50","filter":"\u5c04\u624b","nickpinyin":"yonglieshuangzi","publish":"127","free":"0","keyword":"\u53cc\u5b50 \u5343\u73cf \u72fc\u7231\u4e0a\u7f8a","money":"7800","point":"4500","area":"\u672a\u77e5","duoname":"Kindred","pic_url":"http:\/\/pic.woqugame.com\/lol\/roles\/Kindred.jpg"},{"id":"28","name":"\u6cfd\u62c9\u65af","nickname":"\u8fdc\u53e4\u5deb\u7075","filter":"\u6cd5\u5e08","nickpinyin":"yuanguwuling","publish":"87","free":"0","keyword":"\u68fa\u6750 \u6cfd\u62c9\u65af \u8fdc\u53e4\u5deb\u7075 \u6cd5\u7cfb \u8fdc\u7a0b \u4e09\u70ae \u6cd5\u5e08","money":"4800","point":"2500","area":"\u6055\u745e\u739b","duoname":"Xerath","pic_url":"http:\/\/pic.woqugame.com\/lol\/roles\/Xerath.jpg"},{"id":"64","name":"\u5e0c\u7ef4\u5c14","nickname":"\u6218\u4e89\u5973\u795e","filter":"\u5c04\u624b","nickpinyin":"zhanzhengnvshen","publish":"15","free":"0","keyword":"\u8f6e\u5b50\u5988 \u5e0c\u7ef4\u5c14 \u6218\u4e89\u5973\u795e \u7269\u7406 \u8fdc\u7a0b \u5c04\u624b","money":"450","point":"1000","area":"\u63d0\u4e9a\u739b\u7279\u6218\u4e89\u5b66\u9662","duoname":"Sivir","pic_url":"http:\/\/pic.woqugame.com\/lol\/roles\/Sivir.jpg"},{"id":"104","name":"\u6f58\u68ee","nickname":"\u6218\u4e89\u4e4b\u738b","filter":"\u6218\u58eb","nickpinyin":"zhanzhengzhiwang","publish":"54","free":"0","keyword":"\u65af\u5df4\u8fbe \u6f58\u68ee \u6218\u4e89\u4e4b\u738b \u7269\u7406 \u8fd1\u6218 \u7a81\u8fdb \u6218\u58eb \u67da\u5b50","money":"3150","point":"1500","area":"\u5de8\u795e\u5cf0","duoname":"Pantheon","pic_url":"http:\/\/pic.woqugame.com\/lol\/roles\/Pantheon.jpg"},{"id":"16","name":"\u8d6b\u5361\u91cc\u59c6","nickname":"\u6218\u4e89\u4e4b\u5f71","filter":"\u6218\u58eb","nickpinyin":"zhanzhengzhiying","publish":"96","free":"0","keyword":"\u4eba\u9a6c \u6218\u4e89\u4e4b\u5f71 \u8d6b\u5361\u91cc\u59c6 \u6253\u91ce \u8fd1\u6218 \u7a81\u8fdb \u5766\u514b \u7269\u7406 \u6cd5\u7cfb \u6218\u58eb \u6742\u4ea4","money":"6300","point":"4500","area":"\u6697\u5f71\u5c9b","duoname":"Hecarim","pic_url":"http:\/\/pic.woqugame.com\/lol\/roles\/Hecarim.jpg"},{"id":"76","name":"\u5e03\u91cc\u8328","nickname":"\u84b8\u6c7d\u673a\u5668\u4eba","filter":"\u5766\u514b","nickpinyin":"zhengqijiqiren","publish":"45","free":"0","keyword":"\u673a\u5668\u4eba \u84b8\u6c7d\u673a\u5668\u4eba \u5766\u514b \u8fd1\u6218 \u5e03\u91cc\u8328 \u795e\u94a9 \u5377\u6bdb","money":"3150","point":"2500","area":"\u7956\u5b89","duoname":"Blitzcrank","pic_url":"http:\/\/pic.woqugame.com\/lol\/roles\/Blitzcrank.jpg"},{"id":"6","name":"\u4f0a\u8389\u4e1d","nickname":"\u8718\u86db\u5973\u7687","filter":"\u6cd5\u5e08","nickpinyin":"zhizhunvhuang","publish":"106","free":"0","keyword":"\u8718\u86db \u6cd5\u7cfb \u6253\u91ce \u7a81\u8fdb \u4f0a\u8389\u4e1d \u6cd5\u5e08 lucky","money":"6300","point":"3000","area":"\u6697\u5f71\u5c9b","duoname":"Elise","pic_url":"http:\/\/pic.woqugame.com\/lol\/roles\/Elise.jpg"},{"id":"77","name":"\u7d22\u62c9\u5361","nickname":"\u4f17\u661f\u4e4b\u5b50","filter":"\u8f85\u52a9","nickpinyin":"zhongxingzhizi","publish":"16","free":"0","keyword":"\u4f17\u661f \u661f\u5988 \u8f85\u52a9 AP \u7d22\u62c9\u5361 \u8001\u5a46 \u5973\u670b\u53cb \u5976\u5988","money":"450","point":"1000","area":"\u827e\u6b27\u5c3c\u4e9a","duoname":"Soraka","pic_url":"http:\/\/pic.woqugame.com\/lol\/roles\/Soraka.jpg"},{"id":"61","name":"\u8499\u591a\u533b\u751f","nickname":"\u7956\u5b89\u72c2\u4eba","filter":"\u6218\u58eb","nickpinyin":"zuankuangren","publish":"36","free":"1","keyword":"\u8499\u591a\u533b\u751f \u7956\u5b89\u72c2\u4eba \u7956\u5b89 \u8499\u591a \u5766\u514b \u8fd1\u6218 \u6218\u58eb \u83dc\u5200","money":"1350","point":"2000","area":"\u7956\u5b89","duoname":"DrMundo","pic_url":"http:\/\/pic.woqugame.com\/lol\/roles\/Mundo.jpg"}],"code":200,"message":"ok","api":1}