{"data":[{"roleids":"[27][48]","desc":"\u7687\u5b50\u662f\u9f99\u5973\u7684\u6069\u4eba\uff0c\u4e4b\u540e\u88ab\u7687\u5b50\u6536\u7f16","roles":"{\"data\":[{\"id\":\"27\",\"name\":\"\\u5e0c\\u74e6\\u5a1c\",\"pic_url\":\"http:\\\/\\\/pic.woqugame.com\\\/lol\\\/roles\\\/Shyvana.jpg\"},{\"id\":\"48\",\"name\":\"\\u5609\\u6587\\u56db\\u4e16\",\"pic_url\":\"http:\\\/\\\/pic.woqugame.com\\\/lol\\\/roles\\\/Jarvan.jpg\"}]}"},{"roleids":"[32][73]","desc":"\u5e08\u5f92\uff0c\u6613\u662f\u7334\u5b50\u7684\u5e08\u5085\u3002\u6613\u4ecb\u7ecd\u609f\u7a7a\u52a0\u5165\u82f1\u96c4\u8054\u76df\uff0c\u609f\u7a7a\u4e3a\u6613\u5ba3\u626c\u65e0\u6781\u4e4b\u9053\u3002","roles":"{\"data\":[{\"id\":\"32\",\"name\":\"\\u5b59\\u609f\\u7a7a\",\"pic_url\":\"http:\\\/\\\/pic.woqugame.com\\\/lol\\\/roles\\\/Monkeyking.jpg\"},{\"id\":\"73\",\"name\":\"\\u6613\",\"pic_url\":\"http:\\\/\\\/pic.woqugame.com\\\/lol\\\/roles\\\/yi.jpg\"}]}"},{"roleids":"[32][23]","desc":"\u4e24\u4eba\u662f\u60c5\u4fa3\uff0c\u6709\u4e00\u6bb5\u611f\u4eba\u80ba\u8151\u7684\u7231\u60c5\u6545\u4e8b\u3002\u300a\u5566\u5566\u5566\u5fb7\u739b\u897f\u4e9a\u300b\n","roles":"{\"data\":[{\"id\":\"32\",\"name\":\"\\u5b59\\u609f\\u7a7a\",\"pic_url\":\"http:\\\/\\\/pic.woqugame.com\\\/lol\\\/roles\\\/Monkeyking.jpg\"},{\"id\":\"23\",\"name\":\"\\u963f\\u72f8\",\"pic_url\":\"http:\\\/\\\/pic.woqugame.com\\\/lol\\\/roles\\\/Ahri.jpg\"}]}"},{"roleids":"[70][57]","desc":"\u5b89\u59ae\u662f\u6728\u6728\u7684\u6697\u604b\u5bf9\u8c61","roles":"{\"data\":[{\"id\":\"70\",\"name\":\"\\u5b89\\u59ae\",\"pic_url\":\"http:\\\/\\\/pic.woqugame.com\\\/lol\\\/roles\\\/Annie.jpg\"},{\"id\":\"57\",\"name\":\"\\u963f\\u6728\\u6728\",\"pic_url\":\"http:\\\/\\\/pic.woqugame.com\\\/lol\\\/roles\\\/Amumu.jpg\"}]}"},{"roleids":"[71][68]","desc":"\u670b\u53cb\u4ee5\u53ca\u7eef\u95fb\u60c5\u4fa3\u5173\u7cfb","roles":"{\"data\":[{\"id\":\"71\",\"name\":\"\\u5d14\\u4e1d\\u5854\\u5a1c\",\"pic_url\":\"http:\\\/\\\/pic.woqugame.com\\\/lol\\\/roles\\\/Tristana.jpg\"},{\"id\":\"68\",\"name\":\"\\u63d0\\u83ab\",\"pic_url\":\"http:\\\/\\\/pic.woqugame.com\\\/lol\\\/roles\\\/Teemo.jpg\"}]}"},{"roleids":"[43][36]","desc":"\u5361\u7279\u7433\u5a1c\u548c\u5361\u897f\u5965\u4f69\u5a05\u662f\u59d0\u59b9\uff0c\u8bfa\u514b\u8428\u65af\u675c\u4e36\u514b\u5361\u5965\u5c06\u519b\u4e4b\u5973\u3002","roles":"{\"data\":[{\"id\":\"43\",\"name\":\"\\u5361\\u897f\\u5965\\u4f69\\u5a05\",\"pic_url\":\"http:\\\/\\\/pic.woqugame.com\\\/lol\\\/roles\\\/Cassiopeia.jpg\"},{\"id\":\"36\",\"name\":\"\\u5361\\u7279\\u7433\\u5a1c\",\"pic_url\":\"http:\\\/\\\/pic.woqugame.com\\\/lol\\\/roles\\\/Katarina.jpg\"}]}"},{"roleids":"[43][36][30]","desc":"\u6cf0\u9686\u662f\u4e24\u59d0\u59b9\u7236\u4eb2\u7684\u5fc3\u8179","roles":"{\"data\":[{\"id\":\"43\",\"name\":\"\\u5361\\u897f\\u5965\\u4f69\\u5a05\",\"pic_url\":\"http:\\\/\\\/pic.woqugame.com\\\/lol\\\/roles\\\/Cassiopeia.jpg\"},{\"id\":\"36\",\"name\":\"\\u5361\\u7279\\u7433\\u5a1c\",\"pic_url\":\"http:\\\/\\\/pic.woqugame.com\\\/lol\\\/roles\\\/Katarina.jpg\"},{\"id\":\"30\",\"name\":\"\\u6cf0\\u9686\",\"pic_url\":\"http:\\\/\\\/pic.woqugame.com\\\/lol\\\/roles\\\/Talon.jpg\"}]}"},{"roleids":"[110][38]","desc":"\u4e4c\u9e26\u662f\u8783\u87f9\u4e0a\u7ea7\uff0c\u8783\u87f9\u662f\u4e4c\u9e26\u519b\u961f\u7684\u523d\u5b50\u624b","roles":"{\"data\":[{\"id\":\"110\",\"name\":\"\\u5384\\u52a0\\u7279\",\"pic_url\":\"http:\\\/\\\/pic.woqugame.com\\\/lol\\\/roles\\\/Urgot.jpg\"},{\"id\":\"38\",\"name\":\"\\u65af\\u7ef4\\u56e0\",\"pic_url\":\"http:\\\/\\\/pic.woqugame.com\\\/lol\\\/roles\\\/Swain.jpg\"}]}"},{"roleids":"[110][83]","desc":"\u585e\u6069\u662f\u8783\u87f9\u7684\u6307\u6325\u5b98","roles":"{\"data\":[{\"id\":\"110\",\"name\":\"\\u5384\\u52a0\\u7279\",\"pic_url\":\"http:\\\/\\\/pic.woqugame.com\\\/lol\\\/roles\\\/Urgot.jpg\"},{\"id\":\"83\",\"name\":\"\\u8d5b\\u6069\",\"pic_url\":\"http:\\\/\\\/pic.woqugame.com\\\/lol\\\/roles\\\/Sion.jpg\"}]}"},{"roleids":"[110][95]","desc":"\u4ec7\u654c\u3002\u8783\u87f9\u88ab\u76d6\u4f26\u780d\u6210\u4e24\u534a\uff0c\u540e\u6765\u88ab\u8fd0\u56de\u53bb\u590d\u6d3b\u6210\u73b0\u5728\u7684\u6837\u5b50\u3002","roles":"{\"data\":[{\"id\":\"110\",\"name\":\"\\u5384\\u52a0\\u7279\",\"pic_url\":\"http:\\\/\\\/pic.woqugame.com\\\/lol\\\/roles\\\/Urgot.jpg\"},{\"id\":\"95\",\"name\":\"\\u76d6\\u4f26\",\"pic_url\":\"http:\\\/\\\/pic.woqugame.com\\\/lol\\\/roles\\\/Garen.jpg\"}]}"},{"roleids":"[85][46]","desc":"\u5e08\u5f92\uff0c\u98ce\u5973\u662f\u6247\u5b50\u5988\u7684\u5e08\u5085","roles":"{\"data\":[{\"id\":\"85\",\"name\":\"\\u8fe6\\u5a1c\",\"pic_url\":\"http:\\\/\\\/pic.woqugame.com\\\/lol\\\/roles\\\/Janna.jpg\"},{\"id\":\"46\",\"name\":\"\\u5361\\u5c14\\u739b\",\"pic_url\":\"http:\\\/\\\/pic.woqugame.com\\\/lol\\\/roles\\\/Karma.jpg\"}]}"},{"roleids":"[24][21]","desc":"\u540c\u76df","roles":"{\"data\":[{\"id\":\"24\",\"name\":\"\\u6c83\\u5229\\u8d1d\\u5c14\",\"pic_url\":\"http:\\\/\\\/pic.woqugame.com\\\/lol\\\/roles\\\/Volibear.jpg\"},{\"id\":\"21\",\"name\":\"\\u745f\\u5e84\\u59ae\",\"pic_url\":\"http:\\\/\\\/pic.woqugame.com\\\/lol\\\/roles\\\/Sejuani.jpg\"}]}"},{"roleids":"[24][113]","desc":"\u718a\u4eba\u65cf\u88ab\u4e3d\u6851\u5353\u6240\u5c60\u6740","roles":"{\"data\":[{\"id\":\"24\",\"name\":\"\\u6c83\\u5229\\u8d1d\\u5c14\",\"pic_url\":\"http:\\\/\\\/pic.woqugame.com\\\/lol\\\/roles\\\/Volibear.jpg\"},{\"id\":\"113\",\"name\":\"\\u4e3d\\u6851\\u5353\",\"pic_url\":\"http:\\\/\\\/pic.woqugame.com\\\/lol\\\/roles\\\/Lissandra.jpg\"}]}"},{"roleids":"[24][86]","desc":"\u57fa\u5170\uff08riot\u7684\u8bbe\u8ba1\u5e08\uff09\u53cd\u5bf9\u201c\u5e26\u62a4\u7532\u7684\u718a\u201d\u7684\u82f1\u96c4\uff0c\u4f46\u662f\u96f7\u9706\u5486\u54ee\u8fd8\u662f\u53d1\u5e03\u4e86\u3002\u6240\u4ee5\u4ee5\u57fa\u5170\u540d\u5b57\u547d\u540d\u7684\u65f6\u5149\u5b88\u62a4\u8005\u548c\u96f7\u9706\u5486\u54ee\u5c31\u6210\u4e86\u5bf9\u7acb\u82f1\u96c4\u3002\u57fa\u5170\u662f\u88c5\u7532\u718a\u7684\u4ec7\u6068\u5bf9\u8c61\uff0c\u76f8\u4e92\u51fb\u6740\u540e\u83b7\u5f97\u989d\u5916\u7684\u91d1\u94b1\u3002","roles":"{\"data\":[{\"id\":\"24\",\"name\":\"\\u6c83\\u5229\\u8d1d\\u5c14\",\"pic_url\":\"http:\\\/\\\/pic.woqugame.com\\\/lol\\\/roles\\\/Volibear.jpg\"},{\"id\":\"86\",\"name\":\"\\u57fa\\u5170\",\"pic_url\":\"http:\\\/\\\/pic.woqugame.com\\\/lol\\\/roles\\\/Zilean.jpg\"}]}"},{"roleids":"[56][69][67]","desc":"\u76df\u53cb","roles":"{\"data\":[{\"id\":\"56\",\"name\":\"\\u52aa\\u52aa\",\"pic_url\":\"http:\\\/\\\/pic.woqugame.com\\\/lol\\\/roles\\\/Nunu.jpg\"},{\"id\":\"69\",\"name\":\"\\u827e\\u5e0c\",\"pic_url\":\"http:\\\/\\\/pic.woqugame.com\\\/lol\\\/roles\\\/Ashe.jpg\"},{\"id\":\"67\",\"name\":\"\\u827e\\u5c3c\\u7ef4\\u4e9a\",\"pic_url\":\"http:\\\/\\\/pic.woqugame.com\\\/lol\\\/roles\\\/Anivia.jpg\"}]}"},{"roleids":"[105][109]","desc":"\u6ce2\u6bd4\u662f\u52a0\u91cc\u5965\u7684\u6069\u4eba\uff0c\u4e24\u4e2a\u4eba\u7684\u81f3\u4eb2\u90fd\u88ab\u8bfa\u514b\u8428\u65af\u6b8b\u5bb3","roles":"{\"data\":[{\"id\":\"105\",\"name\":\"\\u6ce2\\u6bd4\",\"pic_url\":\"http:\\\/\\\/pic.woqugame.com\\\/lol\\\/roles\\\/poppy.jpg\"},{\"id\":\"109\",\"name\":\"\\u52a0\\u91cc\\u5965\",\"pic_url\":\"http:\\\/\\\/pic.woqugame.com\\\/lol\\\/roles\\\/Galio.jpg\"}]}"},{"roleids":"[99][16]","desc":"\u6709\u76f8\u540c\u4fe1\u5ff5\u7684\u77e5\u5df1\u5173\u7cfb\uff0c\u4f46\u5404\u81ea\u76ee\u7684\u786e\u5b9e\u5bf9\u7acb\u7684","roles":"{\"data\":[{\"id\":\"99\",\"name\":\"\\u83ab\\u5fb7\\u51ef\\u6492\",\"pic_url\":\"http:\\\/\\\/pic.woqugame.com\\\/lol\\\/roles\\\/Mordekaiser.jpg\"},{\"id\":\"16\",\"name\":\"\\u8d6b\\u5361\\u91cc\\u59c6\",\"pic_url\":\"http:\\\/\\\/pic.woqugame.com\\\/lol\\\/roles\\\/Hecarim.jpg\"}]}"},{"roleids":"[99][89][37][34][103]","desc":"\u74e6\u7f57\u51705\u6740\u6447\u6eda\u4e50\u961f\uff0c\u62e5\u6709\u540c\u4e00\u7c7b\u578b\u7684\u76ae\u80a4","roles":"{\"data\":[{\"id\":\"99\",\"name\":\"\\u83ab\\u5fb7\\u51ef\\u6492\",\"pic_url\":\"http:\\\/\\\/pic.woqugame.com\\\/lol\\\/roles\\\/Mordekaiser.jpg\"},{\"id\":\"89\",\"name\":\"\\u5361\\u5c14\\u8428\\u65af\",\"pic_url\":\"http:\\\/\\\/pic.woqugame.com\\\/lol\\\/roles\\\/Karthus.jpg\"},{\"id\":\"37\",\"name\":\"\\u5a11\\u5a1c\",\"pic_url\":\"http:\\\/\\\/pic.woqugame.com\\\/lol\\\/roles\\\/Sona.jpg\"},{\"id\":\"34\",\"name\":\"\\u7ea6\\u91cc\\u514b\",\"pic_url\":\"http:\\\/\\\/pic.woqugame.com\\\/lol\\\/roles\\\/Yorick.jpg\"},{\"id\":\"103\",\"name\":\"\\u5965\\u62c9\\u592b\",\"pic_url\":\"http:\\\/\\\/pic.woqugame.com\\\/lol\\\/roles\\\/Olaf.jpg\"}]}"},{"roleids":"[102][69][59]","desc":"\u4e8b\u4e1a\u4f19\u4f34","roles":"{\"data\":[{\"id\":\"102\",\"name\":\"\\u53e4\\u62c9\\u52a0\\u65af\",\"pic_url\":\"http:\\\/\\\/pic.woqugame.com\\\/lol\\\/roles\\\/Gragas.jpg\"},{\"id\":\"69\",\"name\":\"\\u827e\\u5e0c\",\"pic_url\":\"http:\\\/\\\/pic.woqugame.com\\\/lol\\\/roles\\\/Ashe.jpg\"},{\"id\":\"59\",\"name\":\"\\u8f9b\\u5409\\u5fb7\",\"pic_url\":\"http:\\\/\\\/pic.woqugame.com\\\/lol\\\/roles\\\/Singed.jpg\"}]}"},{"roleids":"[58][68]","desc":"\u654c\u5bf9\u3002\u5c0f\u6cd5\u5e08\u60f3\u5077\u53d6\u672a\u5b8c\u6210\u5b87\u5b99\u98de\u673a\u6a21\u578b\uff0c\u88ab\u63d0\u83ab\u963b\u6b62","roles":"{\"data\":[{\"id\":\"58\",\"name\":\"\\u7ef4\\u8fe6\",\"pic_url\":\"http:\\\/\\\/pic.woqugame.com\\\/lol\\\/roles\\\/Veigar.jpg\"},{\"id\":\"68\",\"name\":\"\\u63d0\\u83ab\",\"pic_url\":\"http:\\\/\\\/pic.woqugame.com\\\/lol\\\/roles\\\/Teemo.jpg\"}]}"},{"roleids":"[58][17]","desc":"\u7eef\u95fb\u60c5\u4fa3\u5173\u7cfb","roles":"{\"data\":[{\"id\":\"58\",\"name\":\"\\u7ef4\\u8fe6\",\"pic_url\":\"http:\\\/\\\/pic.woqugame.com\\\/lol\\\/roles\\\/Veigar.jpg\"},{\"id\":\"17\",\"name\":\"\\u7490\\u7490\",\"pic_url\":\"http:\\\/\\\/pic.woqugame.com\\\/lol\\\/roles\\\/Lulu.jpg\"}]}"},{"roleids":"[111][62]","desc":"\u60c5\u4fa3\u5173\u7cfb\u300a\u5566\u5566\u5566\u5fb7\u739b\u897f\u4e9a\u300b","roles":"{\"data\":[{\"id\":\"111\",\"name\":\"\\u5384\\u8fd0\\u5c0f\\u59d0\",\"pic_url\":\"http:\\\/\\\/pic.woqugame.com\\\/lol\\\/roles\\\/Missfortune.jpg\"},{\"id\":\"62\",\"name\":\"\\u666e\\u6717\\u514b\",\"pic_url\":\"http:\\\/\\\/pic.woqugame.com\\\/lol\\\/roles\\\/Gangplank.jpg\"}]}"},{"roleids":"[14][13]","desc":"\u5144\u5f1f\uff0c\u5fb7\u83b1\u5384\u65af\u662f\u5fb7\u83b1\u6587\u7684\u54e5\u54e5\uff0c\u5e76\u4e14\u4e24\u4eba\u662f\u8bfa\u514b\u8428\u65af\u7684\u540c\u50da","roles":"{\"data\":[{\"id\":\"14\",\"name\":\"\\u5fb7\\u83b1\\u5384\\u65af\",\"pic_url\":\"http:\\\/\\\/pic.woqugame.com\\\/lol\\\/roles\\\/Darius.jpg\"},{\"id\":\"13\",\"name\":\"\\u5fb7\\u83b1\\u6587\",\"pic_url\":\"http:\\\/\\\/pic.woqugame.com\\\/lol\\\/roles\\\/Draven.jpg\"}]}"},{"roleids":"[14][38]","desc":"\u5fb7\u83b1\u5384\u65af\u662f\u65af\u6587\u56e0\u7684\u5fc3\u8179","roles":"{\"data\":[{\"id\":\"14\",\"name\":\"\\u5fb7\\u83b1\\u5384\\u65af\",\"pic_url\":\"http:\\\/\\\/pic.woqugame.com\\\/lol\\\/roles\\\/Darius.jpg\"},{\"id\":\"38\",\"name\":\"\\u65af\\u7ef4\\u56e0\",\"pic_url\":\"http:\\\/\\\/pic.woqugame.com\\\/lol\\\/roles\\\/Swain.jpg\"}]}"},{"roleids":"[60][69]","desc":"\u592b\u5987","roles":"{\"data\":[{\"id\":\"60\",\"name\":\"\\u6cf0\\u8fbe\\u7c73\\u5c14\",\"pic_url\":\"http:\\\/\\\/pic.woqugame.com\\\/lol\\\/roles\\\/Tryndamere.jpg\"},{\"id\":\"69\",\"name\":\"\\u827e\\u5e0c\",\"pic_url\":\"http:\\\/\\\/pic.woqugame.com\\\/lol\\\/roles\\\/Ashe.jpg\"}]}"},{"roleids":"[60][114]","desc":"\u4e9a\u6258\u514b\u65af\u6bc1\u706d\u4e86\u6cf0\u8fbe\u7c73\u5c14\u7684\u5bb6\u56ed","roles":"{\"data\":[{\"id\":\"60\",\"name\":\"\\u6cf0\\u8fbe\\u7c73\\u5c14\",\"pic_url\":\"http:\\\/\\\/pic.woqugame.com\\\/lol\\\/roles\\\/Tryndamere.jpg\"},{\"id\":\"114\",\"name\":\"\\u4e9a\\u6258\\u514b\\u65af\",\"pic_url\":\"http:\\\/\\\/pic.woqugame.com\\\/lol\\\/roles\\\/Aatrox.jpg\"}]}"},{"roleids":"[60][73][107]","desc":"\u4ed6\u4eec\u4e09\u4e2a\u662f\u7ed3\u62dc\u4e09\u57fa\u53cb\uff0c\u86ee\u5b50\u662f\u5927\u54e5\uff0c\u6613\u662f\u8001\u4e8c\uff0c\u8d75\u4fe1\u8001\u4e09\u3002\u51fa\u81ea\u300a\u5566\u5566\u5566\u5fb7\u739b\u897f\u4e9a\u300b","roles":"{\"data\":[{\"id\":\"60\",\"name\":\"\\u6cf0\\u8fbe\\u7c73\\u5c14\",\"pic_url\":\"http:\\\/\\\/pic.woqugame.com\\\/lol\\\/roles\\\/Tryndamere.jpg\"},{\"id\":\"73\",\"name\":\"\\u6613\",\"pic_url\":\"http:\\\/\\\/pic.woqugame.com\\\/lol\\\/roles\\\/yi.jpg\"},{\"id\":\"107\",\"name\":\"\\u8d75\\u4fe1\",\"pic_url\":\"http:\\\/\\\/pic.woqugame.com\\\/lol\\\/roles\\\/Xinzhao.jpg\"}]}"},{"roleids":"[82][98]","desc":"\u6b7b\u654c\uff0c\u4e24\u4e2a\u4eba\u7684\u6218\u6597\u4e2d\uff0c\u5361\u8428\u4e01\u5973\u513f\u88ab\u865a\u5e7b\u7a7a\u95f4\u5438\u8fdb\u53bb","roles":"{\"data\":[{\"id\":\"82\",\"name\":\"\\u5361\\u8428\\u4e01\",\"pic_url\":\"http:\\\/\\\/pic.woqugame.com\\\/lol\\\/roles\\\/Kassadin.jpg\"},{\"id\":\"98\",\"name\":\"\\u739b\\u5c14\\u624e\\u54c8\",\"pic_url\":\"http:\\\/\\\/pic.woqugame.com\\\/lol\\\/roles\\\/Malzahar.jpg\"}]}"},{"roleids":"[7][9]","desc":"\u5bbf\u654c\uff0c\u5361\u5179\u514b\u523a\u778e\u4e86\u96f7\u6069\u52a0\u5c14\u7684\u773c\u775b\uff0c\u56e0\u6b64\u7ed3\u4ec7\u3002\u6e38\u620f\u91cc\u4e24\u4f4d\u82f1\u96c4\u5904\u4e8e\u5bf9\u7acb\u9762\u4e5f\u4f1a\u6fc0\u6d3b\u5f69\u86cb\u3002","roles":"{\"data\":[{\"id\":\"7\",\"name\":\"\\u5361\\u5179\\u514b\",\"pic_url\":\"http:\\\/\\\/pic.woqugame.com\\\/lol\\\/roles\\\/Khazix.jpg\"},{\"id\":\"9\",\"name\":\"\\u96f7\\u6069\\u52a0\\u5c14\",\"pic_url\":\"http:\\\/\\\/pic.woqugame.com\\\/lol\\\/roles\\\/Rengar.jpg\"}]}"},{"roleids":"[98][97]","desc":"\u5927\u5634\u662f\u739b\u5c14\u624e\u54c8\u53ec\u5524\u5230\u7b26\u6587\u4e4b\u5730\u7684","roles":"{\"data\":[{\"id\":\"98\",\"name\":\"\\u739b\\u5c14\\u624e\\u54c8\",\"pic_url\":\"http:\\\/\\\/pic.woqugame.com\\\/lol\\\/roles\\\/Malzahar.jpg\"},{\"id\":\"97\",\"name\":\"\\u514b\\u683c\\u83ab\",\"pic_url\":\"http:\\\/\\\/pic.woqugame.com\\\/lol\\\/roles\\\/Kogmaw.jpg\"}]}"},{"roleids":"[76][22]","desc":"\u7ef4\u514b\u6258\u662f\u673a\u5668\u4eba\u7684\u5236\u4f5c\u8005","roles":"{\"data\":[{\"id\":\"76\",\"name\":\"\\u5e03\\u91cc\\u8328\",\"pic_url\":\"http:\\\/\\\/pic.woqugame.com\\\/lol\\\/roles\\\/Blitzcrank.jpg\"},{\"id\":\"22\",\"name\":\"\\u7ef4\\u514b\\u6258\",\"pic_url\":\"http:\\\/\\\/pic.woqugame.com\\\/lol\\\/roles\\\/Viktor.jpg\"}]}"},{"roleids":"[45][78]","desc":"\u5144\u5f1f\uff0c\u5167\u745f\u65af\u662f\u96f7\u514b\u987f\u7684\u54e5\u54e5\uff0c\u4e24\u8005\u5747\u6765\u81ea\u5916\u4e16\u754c\uff0c\u5374\u662f\u654c\u5bf9\u5173\u7cfb","roles":"{\"data\":[{\"id\":\"45\",\"name\":\"\\u96f7\\u514b\\u987f\",\"pic_url\":\"http:\\\/\\\/pic.woqugame.com\\\/lol\\\/roles\\\/Renekton.jpg\"},{\"id\":\"78\",\"name\":\"\\u5185\\u745f\\u65af\",\"pic_url\":\"http:\\\/\\\/pic.woqugame.com\\\/lol\\\/roles\\\/Nasus.jpg\"}]}"},{"roleids":"[11][83]","desc":"\u5f69\u86cb\uff0c\u76f8\u4e92\u51fb\u6740\u540e\u989d\u5916\u83b7\u5f972\u91d1\u5e01\uff08\u690d\u7269\u5927\u6218\u50f5\u5c38\uff09","roles":"{\"data\":[{\"id\":\"11\",\"name\":\"\\u5a55\\u62c9\",\"pic_url\":\"http:\\\/\\\/pic.woqugame.com\\\/lol\\\/roles\\\/Zyra.jpg\"},{\"id\":\"83\",\"name\":\"\\u8d5b\\u6069\",\"pic_url\":\"http:\\\/\\\/pic.woqugame.com\\\/lol\\\/roles\\\/Sion.jpg\"}]}"},{"roleids":"[11][47]","desc":"\u76f8\u4e92\u63d0\u9ad8\u79fb\u52a8\u901f\u5ea6","roles":"{\"data\":[{\"id\":\"11\",\"name\":\"\\u5a55\\u62c9\",\"pic_url\":\"http:\\\/\\\/pic.woqugame.com\\\/lol\\\/roles\\\/Zyra.jpg\"},{\"id\":\"47\",\"name\":\"\\u8302\\u51ef\",\"pic_url\":\"http:\\\/\\\/pic.woqugame.com\\\/lol\\\/roles\\\/Maokai.jpg\"}]}"},{"roleids":"[11][33]","desc":"\u857e\u6b27\u5a1c\u7684\u88ab\u52a8\u89e6\u53d1\u5728\u5a55\u62c9\u8eab\u4e0a\u65f6\uff0c\u5a55\u62c9\u4f1a\u53d8\u5927","roles":"{\"data\":[{\"id\":\"11\",\"name\":\"\\u5a55\\u62c9\",\"pic_url\":\"http:\\\/\\\/pic.woqugame.com\\\/lol\\\/roles\\\/Zyra.jpg\"},{\"id\":\"33\",\"name\":\"\\u857e\\u6b27\\u5a1c\",\"pic_url\":\"http:\\\/\\\/pic.woqugame.com\\\/lol\\\/roles\\\/Leona.jpg\"}]}"},{"roleids":"[74][92]","desc":"\u670b\u53cb\uff0c\u53d1\u660e\u5bb6\u7ed9\u5e93\u5947\u5236\u4f5c\u4e86\u98de\u673a","roles":"{\"data\":[{\"id\":\"74\",\"name\":\"\\u5e93\\u5947\",\"pic_url\":\"http:\\\/\\\/pic.woqugame.com\\\/lol\\\/roles\\\/Corki.jpg\"},{\"id\":\"92\",\"name\":\"\\u9ed1\\u9ed8\\u4e01\\u683c\",\"pic_url\":\"http:\\\/\\\/pic.woqugame.com\\\/lol\\\/roles\\\/Haimdinger.jpg\"}]}"},{"roleids":"[38][48]","desc":"\u654c\u5bf9","roles":"{\"data\":[{\"id\":\"38\",\"name\":\"\\u65af\\u7ef4\\u56e0\",\"pic_url\":\"http:\\\/\\\/pic.woqugame.com\\\/lol\\\/roles\\\/Swain.jpg\"},{\"id\":\"48\",\"name\":\"\\u5609\\u6587\\u56db\\u4e16\",\"pic_url\":\"http:\\\/\\\/pic.woqugame.com\\\/lol\\\/roles\\\/Jarvan.jpg\"}]}"},{"roleids":"[38][37]","desc":"\u201c\u5979\u7684\u6f14\u594f\u6253\u52a8\u6211\u5fc3\uff0c\u5979\u7684\u6c89\u9ed8\u8db3\u4ee5\u8ba9\u4f60\u6495\u5fc3\u88c2\u80ba\u201d\u2014\u2014\u65af\u7ef4\u56e0","roles":"{\"data\":[{\"id\":\"38\",\"name\":\"\\u65af\\u7ef4\\u56e0\",\"pic_url\":\"http:\\\/\\\/pic.woqugame.com\\\/lol\\\/roles\\\/Swain.jpg\"},{\"id\":\"37\",\"name\":\"\\u5a11\\u5a1c\",\"pic_url\":\"http:\\\/\\\/pic.woqugame.com\\\/lol\\\/roles\\\/Sona.jpg\"}]}"},{"roleids":"[38][37]","desc":"\u201c\u53c6\u534e\uff0c\u6709\u58f0\u80dc\u65e0\u58f0\u3002\u5a11\u5a1c\uff0c\u65e0\u58f0\u80dc\u6709\u58f0\u3002\u201d\u2014\u2014\u65af\u7ef4\u56e0\u5728\u53c2\u52a0\u4e86\u5a11\u5a1c\u7684\u97f3\u4e50\u4f1a\u540e\u5982\u662f\u8bf4\u9053\u3002","roles":"{\"data\":[{\"id\":\"38\",\"name\":\"\\u65af\\u7ef4\\u56e0\",\"pic_url\":\"http:\\\/\\\/pic.woqugame.com\\\/lol\\\/roles\\\/Swain.jpg\"},{\"id\":\"37\",\"name\":\"\\u5a11\\u5a1c\",\"pic_url\":\"http:\\\/\\\/pic.woqugame.com\\\/lol\\\/roles\\\/Sona.jpg\"}]}"},{"roleids":"[50][94]","desc":"\u76f2\u50e7\u5f15\u5bfc\u91ce\u4eba\u4e4c\u8fea\u5c14\u8d70\u5411\u517d\u7075\u884c\u8005\u7684\u9053\u8def\u3002","roles":"{\"data\":[{\"id\":\"50\",\"name\":\"\\u674e\\u9752\",\"pic_url\":\"http:\\\/\\\/pic.woqugame.com\\\/lol\\\/roles\\\/Leesin.jpg\"},{\"id\":\"94\",\"name\":\"\\u4e4c\\u8fea\\u5c14\",\"pic_url\":\"http:\\\/\\\/pic.woqugame.com\\\/lol\\\/roles\\\/Udyr.jpg\"}]}"},{"roleids":"[3][44]","desc":"\u5973\u8b66\u5f15\u5bfc\u5c0f\u592a\u59b9\u851a\u8d70\u5411\u5f81\u9014\uff0c\u4e24\u8005\u90fd\u4e3a\u76ae\u5c14\u7279\u6c83\u592b\u6cd5\u5f8b\u6548\u52b3","roles":"{\"data\":[{\"id\":\"3\",\"name\":\"\\u851a\",\"pic_url\":\"http:\\\/\\\/pic.woqugame.com\\\/lol\\\/roles\\\/Vi.jpg\"},{\"id\":\"44\",\"name\":\"\\u51ef\\u7279\\u7433\",\"pic_url\":\"http:\\\/\\\/pic.woqugame.com\\\/lol\\\/roles\\\/Caitlyn.jpg\"}]}"},{"roleids":"[44][48]","desc":"\u60c5\u4fa3\u5173\u7cfb\u300a\u5566\u5566\u5566\u5fb7\u739b\u897f\u4e9a\u300b","roles":"{\"data\":[{\"id\":\"44\",\"name\":\"\\u51ef\\u7279\\u7433\",\"pic_url\":\"http:\\\/\\\/pic.woqugame.com\\\/lol\\\/roles\\\/Caitlyn.jpg\"},{\"id\":\"48\",\"name\":\"\\u5609\\u6587\\u56db\\u4e16\",\"pic_url\":\"http:\\\/\\\/pic.woqugame.com\\\/lol\\\/roles\\\/Jarvan.jpg\"}]}"},{"roleids":"[10][33]","desc":"\u540c\u4e61\uff0c\u7531\u4e8e\u4e24\u4eba\u7684\u4fe1\u4ef0\u662f\u654c\u5bf9\u6545\u6b64\u4e24\u4eba\u4e5f\u662f\u654c\u5bf9","roles":"{\"data\":[{\"id\":\"10\",\"name\":\"\\u9edb\\u5b89\\u5a1c\",\"pic_url\":\"http:\\\/\\\/pic.woqugame.com\\\/lol\\\/roles\\\/Diana.jpg\"},{\"id\":\"33\",\"name\":\"\\u857e\\u6b27\\u5a1c\",\"pic_url\":\"http:\\\/\\\/pic.woqugame.com\\\/lol\\\/roles\\\/Leona.jpg\"}]}"},{"roleids":"[90][92]","desc":"\u201c\u56fe\u5947\u7684\u5b58\u5728\u8bc1\u660e\u5728\u7b26\u6587\u4e4b\u5730\u4e00\u5207\u7686\u6709\u53ef\u80fd\u3002\u201d\u2014\u2014\u9ed1\u9ed8\u4e01\u683c","roles":"{\"data\":[{\"id\":\"90\",\"name\":\"\\u56fe\\u5947\",\"pic_url\":\"http:\\\/\\\/pic.woqugame.com\\\/lol\\\/roles\\\/Twitch.jpg\"},{\"id\":\"92\",\"name\":\"\\u9ed1\\u9ed8\\u4e01\\u683c\",\"pic_url\":\"http:\\\/\\\/pic.woqugame.com\\\/lol\\\/roles\\\/Haimdinger.jpg\"}]}"},{"roleids":"[103][21]","desc":"\u5965\u62c9\u592b\u53ea\u8eab\u6311\u6218\u5f17\u96f7\u5c14\u5353\u5fb7\u6700\u4ee4\u4eba\u6050\u60e7\u7684\u90e8\u65cf\uff1a\u51db\u51ac\u4e4b\u722a\uff0c\u6218\u6210\u5e73\u5c40\uff0c\u6700\u540e\u4e0e\u745f\u5e84\u59ae\u540c\u76df","roles":"{\"data\":[{\"id\":\"103\",\"name\":\"\\u5965\\u62c9\\u592b\",\"pic_url\":\"http:\\\/\\\/pic.woqugame.com\\\/lol\\\/roles\\\/Olaf.jpg\"},{\"id\":\"21\",\"name\":\"\\u745f\\u5e84\\u59ae\",\"pic_url\":\"http:\\\/\\\/pic.woqugame.com\\\/lol\\\/roles\\\/Sejuani.jpg\"}]}"},{"roleids":"[20][92]","desc":"\u5409\u683c\u65af\u7684\u7406\u60f3\u662f\u6210\u4e3a\u9ed1\u9ed8\u4e01\u683c\u90a3\u6837\u7684\u4f1f\u5927\u53d1\u660e\u5bb6\u3002\n\u201c\u5409\u683c\u65af\uff1f\u4e0d\u53ef\u7406\u55bb\uff0c\u5371\u9669\u65e0\u6bd4\uff0c\u5bf9\uff0c\u6ca1\u9519\u3002\u4f46\u786e\u5b9e\u624d\u534e\u6a2a\u6ea2\uff01\u201d\u2014\u2014\u9ed1\u9ed8\u4e01\u683c","roles":"{\"data\":[{\"id\":\"20\",\"name\":\"\\u5409\\u683c\\u65af\",\"pic_url\":\"http:\\\/\\\/pic.woqugame.com\\\/lol\\\/roles\\\/Ziggs.jpg\"},{\"id\":\"92\",\"name\":\"\\u9ed1\\u9ed8\\u4e01\\u683c\",\"pic_url\":\"http:\\\/\\\/pic.woqugame.com\\\/lol\\\/roles\\\/Haimdinger.jpg\"}]}"},{"roleids":"[59][79]","desc":"\u5e08\u5f92\uff0c\u8f9b\u5409\u5fb7\u662f\u72fc\u4eba\u7684\u5f92\u5f1f\uff0c\u72fc\u4eba\u559d\u4e86\u8f9b\u5409\u5fb7\u7684\u836f\u4e4b\u540e\u53d8\u6210\u4eba\u5f62\u6001\u72fc\u3002","roles":"{\"data\":[{\"id\":\"59\",\"name\":\"\\u8f9b\\u5409\\u5fb7\",\"pic_url\":\"http:\\\/\\\/pic.woqugame.com\\\/lol\\\/roles\\\/Singed.jpg\"},{\"id\":\"79\",\"name\":\"\\u6c83\\u91cc\\u514b\",\"pic_url\":\"http:\\\/\\\/pic.woqugame.com\\\/lol\\\/roles\\\/Warick.jpg\"}]}"},{"roleids":"[59][73]","desc":"\u8f9b\u5409\u5fb7\u6bc1\u4e86\u6613\u7684\u6751\u5e84\uff0c\u6613\u4e3a\u4e86\u590d\u4ec7\u52a0\u5165\u4e86\u82f1\u96c4\u8054\u76df","roles":"{\"data\":[{\"id\":\"59\",\"name\":\"\\u8f9b\\u5409\\u5fb7\",\"pic_url\":\"http:\\\/\\\/pic.woqugame.com\\\/lol\\\/roles\\\/Singed.jpg\"},{\"id\":\"73\",\"name\":\"\\u6613\",\"pic_url\":\"http:\\\/\\\/pic.woqugame.com\\\/lol\\\/roles\\\/yi.jpg\"}]}"},{"roleids":"[59][29]","desc":"\u9510\u96ef\u7684\u90e8\u961f\u88ab\u827e\u6b27\u5c3c\u4e9a\u7684\u519b\u961f\u5305\u56f4\uff0c\u8bf7\u6c42\u652f\u63f4\u6536\u5230\u7684\u5374\u662f\u7531\u8f9b\u5409\u5fb7\u53d1\u5c04\u7684\u751f\u5316\u6050\u6016\u5f39\u5e55\u3002\u9510\u96ef\u5f39\u51fa\u4e86\u8f70\u70b8\uff0c\u5f00\u59cb\u4e86\u6d41\u6d6a\u4e4b\u65c5\u3002","roles":"{\"data\":[{\"id\":\"59\",\"name\":\"\\u8f9b\\u5409\\u5fb7\",\"pic_url\":\"http:\\\/\\\/pic.woqugame.com\\\/lol\\\/roles\\\/Singed.jpg\"},{\"id\":\"29\",\"name\":\"\\u9510\\u96ef\",\"pic_url\":\"http:\\\/\\\/pic.woqugame.com\\\/lol\\\/roles\\\/Riven.jpg\"}]}"},{"roleids":"[25][111]","desc":"\u201c\u83f2\u5179\u80fd\u5728\u6218\u6597\u4e2d\u8ba9\u7ecf\u9a8c\u6700\u6700\u4e30\u5bcc\u7684\u8001\u6c34\u624b\u4eec\u50cf\u559d\u9189\u4e86\u7684\u65f1\u9e2d\u5b50\u4e00\u6837\u6ed1\u7a3d\uff0c\u6211\u771f\u5e86\u5e78\u5b83\u7ad9\u5728\u6211\u4eec\u8fd9\u8fb9\u3002\u201d\u2014\u2014\u5384\u8fd0\u5c0f\u59d0","roles":"{\"data\":[{\"id\":\"25\",\"name\":\"\\u83f2\\u5179\",\"pic_url\":\"http:\\\/\\\/pic.woqugame.com\\\/lol\\\/roles\\\/Fizz.jpg\"},{\"id\":\"111\",\"name\":\"\\u5384\\u8fd0\\u5c0f\\u59d0\",\"pic_url\":\"http:\\\/\\\/pic.woqugame.com\\\/lol\\\/roles\\\/Missfortune.jpg\"}]}"},{"roleids":"[26][87]","desc":"\u4e24\u4eba\u672c\u662f\u724c\u53cb\uff0c\u4f46\u662f\u7537\u67aa\u4e00\u6b21\u8d4c\u535a\u9a97\u5149\u4e86\u4e00\u4f4d\u7956\u5b89\u5b98\u5458\u540e\uff0c\u8fd9\u4f4d\u5b98\u5458\u8054\u5408\u5d14\u65af\u7279\u62a5\u590d\u7537\u67aa\uff0c\u4ee3\u4ef7\u662f\u5b9e\u73b0\u5d14\u65af\u7279\u7684\u9b54\u6cd5\u68a6\u60f3\uff0c\u4e4b\u540e\u7537\u67aa\u5728\u72f1\u53cb\u7684\u5e2e\u52a9\u4e0b\u6210\u529f\u9003\u72f1\uff0c\u800c\u5d14\u65af\u7279\u4e5f\u6210\u529f\u62e5\u6709\u9b54\u6cd5\uff0c\u4e8e\u662f\u7537\u67aa\u5f00\u59cb\u8ffd\u6740\u5361\u724c\u3002","roles":"{\"data\":[{\"id\":\"26\",\"name\":\"\\u683c\\u96f7\\u798f\\u65af\",\"pic_url\":\"http:\\\/\\\/pic.woqugame.com\\\/lol\\\/roles\\\/Graves.jpg\"},{\"id\":\"87\",\"name\":\"\\u5d14\\u65af\\u7279\",\"pic_url\":\"http:\\\/\\\/pic.woqugame.com\\\/lol\\\/roles\\\/Twisted.jpg\"}]}"},{"roleids":"[57][101]","desc":"\u201c\u963f\u6728\u6728\u54ed\u7684\u65f6\u5019\uff0c\u4e8b\u60c5\u4f1a\u53d8\u5f97\u7cdf\u7cd5\uff0c\u4f46\u662f\u5f53\u4ed6\u751f\u6c14\u7684\u65f6\u5019\uff0c\u4e8b\u60c5\u4f1a\u66f4\u7cdf\u7cd5\u3002\u201d\u2014\u2014\u4f0a\u6cfd\u745e\u5c14","roles":"{\"data\":[{\"id\":\"57\",\"name\":\"\\u963f\\u6728\\u6728\",\"pic_url\":\"http:\\\/\\\/pic.woqugame.com\\\/lol\\\/roles\\\/Amumu.jpg\"},{\"id\":\"101\",\"name\":\"\\u4f0a\\u6cfd\\u745e\\u5c14\",\"pic_url\":\"http:\\\/\\\/pic.woqugame.com\\\/lol\\\/roles\\\/Ezreal.jpg\"}]}"},{"roleids":"[36][95]","desc":"\u7ade\u4e89\u5bf9\u624b\uff0c\u975e\u6b63\u5f0f\u60c5\u4fa3\u3002","roles":"{\"data\":[{\"id\":\"36\",\"name\":\"\\u5361\\u7279\\u7433\\u5a1c\",\"pic_url\":\"http:\\\/\\\/pic.woqugame.com\\\/lol\\\/roles\\\/Katarina.jpg\"},{\"id\":\"95\",\"name\":\"\\u76d6\\u4f26\",\"pic_url\":\"http:\\\/\\\/pic.woqugame.com\\\/lol\\\/roles\\\/Garen.jpg\"}]}"},{"roleids":"[36][30]","desc":"\u74e6\u6d1b\u5170\u4e09\u5927\u5200\u5723\u7684\u5176\u4e2d\u4e24\u4eba","roles":"{\"data\":[{\"id\":\"36\",\"name\":\"\\u5361\\u7279\\u7433\\u5a1c\",\"pic_url\":\"http:\\\/\\\/pic.woqugame.com\\\/lol\\\/roles\\\/Katarina.jpg\"},{\"id\":\"30\",\"name\":\"\\u6cf0\\u9686\",\"pic_url\":\"http:\\\/\\\/pic.woqugame.com\\\/lol\\\/roles\\\/Talon.jpg\"}]}"},{"roleids":"[36][83]","desc":"\u8d5b\u6069\u7684\u5c38\u4f53\u662f\u5361\u7279\u7433\u5a1c\u5077\u6765\u5e76\u590d\u6d3b\u7684\u3002","roles":"{\"data\":[{\"id\":\"36\",\"name\":\"\\u5361\\u7279\\u7433\\u5a1c\",\"pic_url\":\"http:\\\/\\\/pic.woqugame.com\\\/lol\\\/roles\\\/Katarina.jpg\"},{\"id\":\"83\",\"name\":\"\\u8d5b\\u6069\",\"pic_url\":\"http:\\\/\\\/pic.woqugame.com\\\/lol\\\/roles\\\/Sion.jpg\"}]}"},{"roleids":"[77][41]","desc":"\u7d22\u62c9\u5361\u662f\u5973\u5200\u950b\u7684\u6069\u4eba\uff0c\u89e3\u9664\u4e86\u5973\u5200\u950b\u7684\u8bc5\u5492\u3002","roles":"{\"data\":[{\"id\":\"77\",\"name\":\"\\u7d22\\u62c9\\u5361\",\"pic_url\":\"http:\\\/\\\/pic.woqugame.com\\\/lol\\\/roles\\\/Soraka.jpg\"},{\"id\":\"41\",\"name\":\"\\u827e\\u745e\\u8389\\u5a05\",\"pic_url\":\"http:\\\/\\\/pic.woqugame.com\\\/lol\\\/roles\\\/Irelia.jpg\"}]}"},{"roleids":"[77][79]","desc":"\u7d22\u62c9\u5361\u53d1\u73b0\u4e86\u72fc\u4eba\u7684\u9634\u8c0b\uff0c\u7528\u9b54\u6cd5\u9a71\u9010\u3002\u72fc\u4eba\u8ba9\u7d22\u62c9\u5361\u6389\u8fdb\u9677\u9631\uff0c\u8ba9\u7d22\u62c9\u5361\u53d8\u6210\u51e1\u4eba\u3002","roles":"{\"data\":[{\"id\":\"77\",\"name\":\"\\u7d22\\u62c9\\u5361\",\"pic_url\":\"http:\\\/\\\/pic.woqugame.com\\\/lol\\\/roles\\\/Soraka.jpg\"},{\"id\":\"79\",\"name\":\"\\u6c83\\u91cc\\u514b\",\"pic_url\":\"http:\\\/\\\/pic.woqugame.com\\\/lol\\\/roles\\\/Warick.jpg\"}]}"},{"roleids":"[39][95]","desc":"\u5144\u59b9\u5173\u7cfb\u3002","roles":"{\"data\":[{\"id\":\"39\",\"name\":\"\\u62c9\\u514b\\u4e1d\",\"pic_url\":\"http:\\\/\\\/pic.woqugame.com\\\/lol\\\/roles\\\/Lux.jpg\"},{\"id\":\"95\",\"name\":\"\\u76d6\\u4f26\",\"pic_url\":\"http:\\\/\\\/pic.woqugame.com\\\/lol\\\/roles\\\/Garen.jpg\"}]}"},{"roleids":"[94][21][113][50]","desc":"\u732a\u59b9\u4e0e\u4e4c\u8fea\u5c14\u8054\u76df\uff0c\u5171\u540c\u5bf9\u6297\u4e3d\u6851\u5353\u3002\u76f2\u50e7\u5f15\u5bfc\u91ce\u4eba\u4e4c\u8fea\u5c14\u8d70\u5411\u517d\u7075\u884c\u8005\u7684\u9053\u8def\u3002","roles":"{\"data\":[{\"id\":\"94\",\"name\":\"\\u4e4c\\u8fea\\u5c14\",\"pic_url\":\"http:\\\/\\\/pic.woqugame.com\\\/lol\\\/roles\\\/Udyr.jpg\"},{\"id\":\"21\",\"name\":\"\\u745f\\u5e84\\u59ae\",\"pic_url\":\"http:\\\/\\\/pic.woqugame.com\\\/lol\\\/roles\\\/Sejuani.jpg\"},{\"id\":\"113\",\"name\":\"\\u4e3d\\u6851\\u5353\",\"pic_url\":\"http:\\\/\\\/pic.woqugame.com\\\/lol\\\/roles\\\/Lissandra.jpg\"},{\"id\":\"50\",\"name\":\"\\u674e\\u9752\",\"pic_url\":\"http:\\\/\\\/pic.woqugame.com\\\/lol\\\/roles\\\/Leesin.jpg\"}]}"},{"roleids":"[113][69][21]","desc":"\u4f20\u5947\u4e09\u59d0\u59b9\u3002","roles":"{\"data\":[{\"id\":\"113\",\"name\":\"\\u4e3d\\u6851\\u5353\",\"pic_url\":\"http:\\\/\\\/pic.woqugame.com\\\/lol\\\/roles\\\/Lissandra.jpg\"},{\"id\":\"69\",\"name\":\"\\u827e\\u5e0c\",\"pic_url\":\"http:\\\/\\\/pic.woqugame.com\\\/lol\\\/roles\\\/Ashe.jpg\"},{\"id\":\"21\",\"name\":\"\\u745f\\u5e84\\u59ae\",\"pic_url\":\"http:\\\/\\\/pic.woqugame.com\\\/lol\\\/roles\\\/Sejuani.jpg\"}]}"},{"roleids":"[113][42]","desc":"\u4e3d\u6851\u5353\u7ed9\u4e0e\u7279\u6717\u5fb7\u5c14\u7684\u6b66\u5668\u3002","roles":"{\"data\":[{\"id\":\"113\",\"name\":\"\\u4e3d\\u6851\\u5353\",\"pic_url\":\"http:\\\/\\\/pic.woqugame.com\\\/lol\\\/roles\\\/Lissandra.jpg\"},{\"id\":\"42\",\"name\":\"\\u7279\\u6717\\u5fb7\\u5c14\",\"pic_url\":\"http:\\\/\\\/pic.woqugame.com\\\/lol\\\/roles\\\/Trundle.jpg\"}]}"},{"roleids":"[21][69]","desc":"\u8fdc\u4eb2\uff0c\u732a\u5973\u8ba4\u4e3a\u827e\u5e0c\u7834\u574f\u4e86\u4f20\u7edf\uff0c\u7528\u4e86\u5351\u9119\u624b\u6bb5\u3002","roles":"{\"data\":[{\"id\":\"21\",\"name\":\"\\u745f\\u5e84\\u59ae\",\"pic_url\":\"http:\\\/\\\/pic.woqugame.com\\\/lol\\\/roles\\\/Sejuani.jpg\"},{\"id\":\"69\",\"name\":\"\\u827e\\u5e0c\",\"pic_url\":\"http:\\\/\\\/pic.woqugame.com\\\/lol\\\/roles\\\/Ashe.jpg\"}]}"},{"roleids":"[87][88]","desc":"\u604b\u4eba\uff0c\u4e24\u4eba\u5206\u624b\u7684\u6d88\u606f\u7531league of Journal\u53d1\u5e03.","roles":"{\"data\":[{\"id\":\"87\",\"name\":\"\\u5d14\\u65af\\u7279\",\"pic_url\":\"http:\\\/\\\/pic.woqugame.com\\\/lol\\\/roles\\\/Twisted.jpg\"},{\"id\":\"88\",\"name\":\"\\u4f0a\\u8299\\u7433\",\"pic_url\":\"http:\\\/\\\/pic.woqugame.com\\\/lol\\\/roles\\\/Evelynn.jpg\"}]}"},{"roleids":"[79][22]","desc":"\u76d1\u7981\uff0c\u9972\u517b\u3002","roles":"{\"data\":[{\"id\":\"79\",\"name\":\"\\u6c83\\u91cc\\u514b\",\"pic_url\":\"http:\\\/\\\/pic.woqugame.com\\\/lol\\\/roles\\\/Warick.jpg\"},{\"id\":\"22\",\"name\":\"\\u7ef4\\u514b\\u6258\",\"pic_url\":\"http:\\\/\\\/pic.woqugame.com\\\/lol\\\/roles\\\/Viktor.jpg\"}]}"},{"roleids":"[80][66]","desc":"\u5ba1\u5224\u5929\u4f7f\u4e0e\u5815\u843d\u5929\u4f7f\u4e43\u662f\u59d0\u59b9\u5173\u7cfb\uff0c\u5fd7\u4e0d\u540c\u9053\u4e0d\u5408\u6700\u7ec8\u53cd\u76ee\u6210\u4ec7\uff01","roles":"{\"data\":[{\"id\":\"80\",\"name\":\"\\u83ab\\u7518\\u5a1c\",\"pic_url\":\"http:\\\/\\\/pic.woqugame.com\\\/lol\\\/roles\\\/Morgana.jpg\"},{\"id\":\"66\",\"name\":\"\\u51ef\\u5c14\",\"pic_url\":\"http:\\\/\\\/pic.woqugame.com\\\/lol\\\/roles\\\/Kayle.jpg\"}]}"},{"roleids":"[92][73]","desc":"\u6613\u5927\u5e08\u7684\u773c\u955c\u662f\u53d1\u660e\u5bb6\u505a\u7684\u3002","roles":"{\"data\":[{\"id\":\"92\",\"name\":\"\\u9ed1\\u9ed8\\u4e01\\u683c\",\"pic_url\":\"http:\\\/\\\/pic.woqugame.com\\\/lol\\\/roles\\\/Haimdinger.jpg\"},{\"id\":\"73\",\"name\":\"\\u6613\",\"pic_url\":\"http:\\\/\\\/pic.woqugame.com\\\/lol\\\/roles\\\/yi.jpg\"}]}"},{"roleids":"[92][52]","desc":"\u7ade\u4e89\u5bf9\u624b\u3002","roles":"{\"data\":[{\"id\":\"92\",\"name\":\"\\u9ed1\\u9ed8\\u4e01\\u683c\",\"pic_url\":\"http:\\\/\\\/pic.woqugame.com\\\/lol\\\/roles\\\/Haimdinger.jpg\"},{\"id\":\"52\",\"name\":\"\\u5170\\u535a\",\"pic_url\":\"http:\\\/\\\/pic.woqugame.com\\\/lol\\\/roles\\\/Rumble.jpg\"}]}"},{"roleids":"[46][41]","desc":"\u670b\u53cb\u5173\u7cfb\u3002","roles":"{\"data\":[{\"id\":\"46\",\"name\":\"\\u5361\\u5c14\\u739b\",\"pic_url\":\"http:\\\/\\\/pic.woqugame.com\\\/lol\\\/roles\\\/Karma.jpg\"},{\"id\":\"41\",\"name\":\"\\u827e\\u745e\\u8389\\u5a05\",\"pic_url\":\"http:\\\/\\\/pic.woqugame.com\\\/lol\\\/roles\\\/Irelia.jpg\"}]}"},{"roleids":"[84][31]","desc":"\u5854\u91cc\u514b\u5bf9\u874e\u5b50\u7684\u6c34\u6676\u611f\u5174\u8da3\u3002","roles":"{\"data\":[{\"id\":\"84\",\"name\":\"\\u5854\\u91cc\\u514b\",\"pic_url\":\"http:\\\/\\\/pic.woqugame.com\\\/lol\\\/roles\\\/Taric.jpg\"},{\"id\":\"31\",\"name\":\"\\u65af\\u5361\\u7eb3\",\"pic_url\":\"http:\\\/\\\/pic.woqugame.com\\\/lol\\\/roles\\\/Skarner.jpg\"}]}"},{"roleids":"[5][106][93][96]","desc":"\u540c\u95e8\u3002\u52ab\u662f\u614e\u7684\u6740\u7236\u4ec7\u4eba\u3002","roles":"{\"data\":[{\"id\":\"5\",\"name\":\"\\u52ab\",\"pic_url\":\"http:\\\/\\\/pic.woqugame.com\\\/lol\\\/roles\\\/Zed.jpg\"},{\"id\":\"106\",\"name\":\"\\u614e\",\"pic_url\":\"http:\\\/\\\/pic.woqugame.com\\\/lol\\\/roles\\\/Shen.jpg\"},{\"id\":\"93\",\"name\":\"\\u963f\\u5361\\u4e3d\",\"pic_url\":\"http:\\\/\\\/pic.woqugame.com\\\/lol\\\/roles\\\/Akali.jpg\"},{\"id\":\"96\",\"name\":\"\\u51ef\\u5357\",\"pic_url\":\"http:\\\/\\\/pic.woqugame.com\\\/lol\\\/roles\\\/Kennen.jpg\"}]}"},{"roleids":"[95][48]","desc":"\u76d6\u4f26\u662f\u7687\u5b50\u7684\u6069\u4eba\uff0c\u7687\u5b50\u88ab\u4fd8\u65f6\u4ece\u5384\u52a0\u7279\u624b\u4e2d\u6551\u51fa\u3002","roles":"{\"data\":[{\"id\":\"95\",\"name\":\"\\u76d6\\u4f26\",\"pic_url\":\"http:\\\/\\\/pic.woqugame.com\\\/lol\\\/roles\\\/Garen.jpg\"},{\"id\":\"48\",\"name\":\"\\u5609\\u6587\\u56db\\u4e16\",\"pic_url\":\"http:\\\/\\\/pic.woqugame.com\\\/lol\\\/roles\\\/Jarvan.jpg\"}]}"},{"roleids":"[95][110]","desc":"\u590d\u4ec7\uff0c\u5384\u52a0\u7279\u88ab\u76d6\u4f26\u780d\u6210\u4e24\u534a\u3002","roles":"{\"data\":[{\"id\":\"95\",\"name\":\"\\u76d6\\u4f26\",\"pic_url\":\"http:\\\/\\\/pic.woqugame.com\\\/lol\\\/roles\\\/Garen.jpg\"},{\"id\":\"110\",\"name\":\"\\u5384\\u52a0\\u7279\",\"pic_url\":\"http:\\\/\\\/pic.woqugame.com\\\/lol\\\/roles\\\/Urgot.jpg\"}]}"},{"roleids":"[104][33]","desc":"\u9752\u6885\u7af9\u9a6c\u3002","roles":"{\"data\":[{\"id\":\"104\",\"name\":\"\\u6f58\\u68ee\",\"pic_url\":\"http:\\\/\\\/pic.woqugame.com\\\/lol\\\/roles\\\/Pantheon.jpg\"},{\"id\":\"33\",\"name\":\"\\u857e\\u6b27\\u5a1c\",\"pic_url\":\"http:\\\/\\\/pic.woqugame.com\\\/lol\\\/roles\\\/Leona.jpg\"}]}"},{"roleids":"[81][101]","desc":"\u63a2\u9669\u5bb6\u53d1\u73b0\u4e86\u706f\u7b3c\u7684\u8349\u4e1b\u4e2d\u9047\u5230\u4e86\u9f99\u9f9f\u3002","roles":"{\"data\":[{\"id\":\"81\",\"name\":\"\\u62c9\\u83ab\\u65af\",\"pic_url\":\"http:\\\/\\\/pic.woqugame.com\\\/lol\\\/roles\\\/Rammus.jpg\"},{\"id\":\"101\",\"name\":\"\\u4f0a\\u6cfd\\u745e\\u5c14\",\"pic_url\":\"http:\\\/\\\/pic.woqugame.com\\\/lol\\\/roles\\\/Ezreal.jpg\"}]}"},{"roleids":"[81][90]","desc":"\u60f3\u8ddf\u56fe\u5947\u53cb\u597d\uff0c\u4f46\u6027\u683c\u4e0d\u5408\u800c\u653e\u5f03\u3002","roles":"{\"data\":[{\"id\":\"81\",\"name\":\"\\u62c9\\u83ab\\u65af\",\"pic_url\":\"http:\\\/\\\/pic.woqugame.com\\\/lol\\\/roles\\\/Rammus.jpg\"},{\"id\":\"90\",\"name\":\"\\u56fe\\u5947\",\"pic_url\":\"http:\\\/\\\/pic.woqugame.com\\\/lol\\\/roles\\\/Twitch.jpg\"}]}"},{"roleids":"[81][76]","desc":"\u670b\u53cb\uff0c\u5e03\u91cc\u8328\u5f00\u529e\u4e86\u60c5\u4fa3\u4e2d\u4ecb\u6240\uff0c\u9f99\u9f9f\u548c\u4ed9\u4eba\u638c\u5c31\u597d\u4e0a\u4e86\u3002","roles":"{\"data\":[{\"id\":\"81\",\"name\":\"\\u62c9\\u83ab\\u65af\",\"pic_url\":\"http:\\\/\\\/pic.woqugame.com\\\/lol\\\/roles\\\/Rammus.jpg\"},{\"id\":\"76\",\"name\":\"\\u5e03\\u91cc\\u8328\",\"pic_url\":\"http:\\\/\\\/pic.woqugame.com\\\/lol\\\/roles\\\/Blitzcrank.jpg\"}]}"},{"roleids":"[86][31]","desc":"\u57fa\u5170\u89c9\u9192\u4e86\u65af\u5361\u7eb3\u3002","roles":"{\"data\":[{\"id\":\"86\",\"name\":\"\\u57fa\\u5170\",\"pic_url\":\"http:\\\/\\\/pic.woqugame.com\\\/lol\\\/roles\\\/Zilean.jpg\"},{\"id\":\"31\",\"name\":\"\\u65af\\u5361\\u7eb3\",\"pic_url\":\"http:\\\/\\\/pic.woqugame.com\\\/lol\\\/roles\\\/Skarner.jpg\"}]}"},{"roleids":"[12][22]","desc":"\u654c\u5bf9\uff0c\u6770\u65af\u7684\u7814\u7a76\u6240\u88ab\u7834\u574f\uff0c\u5c31\u5165\u4fb5\u5230\u7ef4\u514b\u6258\u7684\u7814\u7a76\u6240\u7834\u574f\u3002\u7ef4\u514b\u6258\u5077\u8d70\u4e86\u6770\u65af\u7684\u5965\u80fd\u8f6c\u6362\u5668\u8bbe\u8ba1\u56fe\uff0c\u6770\u65af\u62c5\u5fc3\u5176\u4f1a\u8bbe\u8ba1\u51fa\u6b66\u5668\u653b\u51fb\u76ae\u57ce\uff0c\u56e0\u6b64\u6770\u65af\u5236\u4f5c\u51fa\u58a8\u4e18\u5229\u4e4b\u9524\u51fb\u8d25\u4e86\u7ef4\u514b\u6258\u3002","roles":"{\"data\":[{\"id\":\"12\",\"name\":\"\\u6770\\u65af\",\"pic_url\":\"http:\\\/\\\/pic.woqugame.com\\\/lol\\\/roles\\\/Jayce.jpg\"},{\"id\":\"22\",\"name\":\"\\u7ef4\\u514b\\u6258\",\"pic_url\":\"http:\\\/\\\/pic.woqugame.com\\\/lol\\\/roles\\\/Viktor.jpg\"}]}"},{"roleids":"[52][71]","desc":"\u7231\u6155\u5173\u7cfb\u3002","roles":"{\"data\":[{\"id\":\"52\",\"name\":\"\\u5170\\u535a\",\"pic_url\":\"http:\\\/\\\/pic.woqugame.com\\\/lol\\\/roles\\\/Rumble.jpg\"},{\"id\":\"71\",\"name\":\"\\u5d14\\u4e1d\\u5854\\u5a1c\",\"pic_url\":\"http:\\\/\\\/pic.woqugame.com\\\/lol\\\/roles\\\/Tristana.jpg\"}]}"},{"roleids":"[3][116]","desc":"\u5bbf\u654c\u5173\u7cfb\u3002","roles":"{\"data\":[{\"id\":\"3\",\"name\":\"\\u851a\",\"pic_url\":\"http:\\\/\\\/pic.woqugame.com\\\/lol\\\/roles\\\/Vi.jpg\"},{\"id\":\"116\",\"name\":\"\\u91d1\\u514b\\u4e1d\",\"pic_url\":\"http:\\\/\\\/pic.woqugame.com\\\/lol\\\/roles\\\/Jinx.jpg\"}]}"},{"roleids":"[29][117]","desc":"\u5bbf\u654c\u5173\u7cfb\u3002","roles":"{\"data\":[{\"id\":\"29\",\"name\":\"\\u9510\\u96ef\",\"pic_url\":\"http:\\\/\\\/pic.woqugame.com\\\/lol\\\/roles\\\/Riven.jpg\"},{\"id\":\"117\",\"name\":\"\\u4e9a\\u7d22\",\"pic_url\":\"http:\\\/\\\/pic.woqugame.com\\\/lol\\\/roles\\\/Yasuo.jpg\"}]}"},{"roleids":"[2][115]","desc":"\u9524\u77f3\u662f\u5362\u9521\u5b89\u7684\u6740\u59bb\u4ec7\u4eba\u3002","roles":"{\"data\":[{\"id\":\"2\",\"name\":\"\\u9524\\u77f3\",\"pic_url\":\"http:\\\/\\\/pic.woqugame.com\\\/lol\\\/roles\\\/Thresh.jpg\"},{\"id\":\"115\",\"name\":\"\\u5362\\u9521\\u5b89\",\"pic_url\":\"http:\\\/\\\/pic.woqugame.com\\\/lol\\\/roles\\\/Lucian.jpg\"}]}"}],"code":200,"message":"ok","api":1}