{"data":[{"id":"1234","role_id":"127","map":"\u7ecf\u5178\u6a21\u5f0f-\u53ec\u5524\u5e08\u5ce1\u8c37","rank":"0","modified":1445324800,"season":"4","created":"2015-10-20 14:42:26"},{"id":"1233","role_id":"18","map":"\u7ecf\u5178\u6a21\u5f0f-\u53ec\u5524\u5e08\u5ce1\u8c37","rank":"0","modified":1439349777,"season":"4","created":"2015-08-12 11:14:34"},{"id":"1232","role_id":"88","map":"\u7ecf\u5178\u6a21\u5f0f-\u53ec\u5524\u5e08\u5ce1\u8c37","rank":"0","modified":1438051323,"season":"4","created":"2015-07-28 10:34:47"},{"id":"1231","role_id":"68","map":"\u7ecf\u5178\u6a21\u5f0f-\u53ec\u5524\u5e08\u5ce1\u8c37","rank":"0","modified":1437100353,"season":"4","created":"2015-07-17 10:27:56"},{"id":"1229","role_id":"126","map":"\u7ecf\u5178\u6a21\u5f0f-\u53ec\u5524\u5e08\u5ce1\u8c37","rank":"0","modified":1445324688,"season":"4","created":"2015-06-30 11:54:41"},{"id":"1228","role_id":"126","map":"\u7ecf\u5178\u6a21\u5f0f-\u53ec\u5524\u5e08\u5ce1\u8c37","rank":"0","modified":1435636798,"season":"4","created":"2015-06-30 11:47:10"},{"id":"1227","role_id":"125","map":"\u7ecf\u5178\u6a21\u5f0f-\u53ec\u5524\u5e08\u5ce1\u8c37","rank":"0","modified":1433830971,"season":"4","created":"2015-06-09 14:16:25"},{"id":"1226","role_id":"69","map":"\u7ecf\u5178\u6a21\u5f0f-\u53ec\u5524\u5e08\u5ce1\u8c37","rank":"0","modified":1432634012,"season":"4","created":"2015-05-26 17:43:09"},{"id":"1225","role_id":"16","map":"\u7ecf\u5178\u6a21\u5f0f-\u53ec\u5524\u5e08\u5ce1\u8c37","rank":"0","modified":1432189845,"season":"4","created":"2015-05-21 14:27:47"},{"id":"1224","role_id":"125","map":"\u7ecf\u5178\u6a21\u5f0f-\u53ec\u5524\u5e08\u5ce1\u8c37","rank":"0","modified":1433831155,"season":"4","created":"2015-05-18 18:27:12"},{"id":"1223","role_id":"35","map":"\u7ecf\u5178\u6a21\u5f0f-\u53ec\u5524\u5e08\u5ce1\u8c37","rank":"0","modified":1438050833,"season":"4","created":"2015-05-05 12:42:55"},{"id":"1219","role_id":"124","map":"\u7ecf\u5178\u6a21\u5f0f-\u53ec\u5524\u5e08\u5ce1\u8c37","rank":"0","modified":1430213585,"season":"4","created":"2015-03-24 10:09:37"},{"id":"1218","role_id":"42","map":"\u7ecf\u5178\u6a21\u5f0f-\u53ec\u5524\u5e08\u5ce1\u8c37","rank":"0","modified":1427110493,"season":"4","created":"2015-03-23 19:31:30"},{"id":"1217","role_id":"31","map":"\u7ecf\u5178\u6a21\u5f0f-\u53ec\u5524\u5e08\u5ce1\u8c37","rank":"0","modified":1427110095,"season":"4","created":"2015-03-23 19:25:50"},{"id":"1216","role_id":"124","map":"\u7ecf\u5178\u6a21\u5f0f-\u53ec\u5524\u5e08\u5ce1\u8c37","rank":"0","modified":1427162915,"season":"4","created":"2015-03-23 17:51:55"},{"id":"1215","role_id":"110","map":"\u7ecf\u5178\u6a21\u5f0f-\u53ec\u5524\u5e08\u5ce1\u8c37","rank":"0","modified":1426610220,"season":"4","created":"2015-03-18 00:11:00"},{"id":"1214","role_id":"108","map":"\u7ecf\u5178\u6a21\u5f0f-\u53ec\u5524\u5e08\u5ce1\u8c37","rank":"0","modified":1426608536,"season":"4","created":"2015-03-18 00:04:30"},{"id":"1213","role_id":"66","map":"\u7ecf\u5178\u6a21\u5f0f-\u53ec\u5524\u5e08\u5ce1\u8c37","rank":"0","modified":1426606317,"season":"4","created":"2015-03-17 23:28:37"},{"id":"1212","role_id":"111","map":"\u7ecf\u5178\u6a21\u5f0f-\u53ec\u5524\u5e08\u5ce1\u8c37","rank":"0","modified":1438066459,"season":"4","created":"2015-03-17 21:20:30"},{"id":"1211","role_id":"69","map":"\u7ecf\u5178\u6a21\u5f0f-\u53ec\u5524\u5e08\u5ce1\u8c37","rank":"0","modified":1426598369,"season":"4","created":"2015-03-17 21:17:01"},{"id":"1210","role_id":"60","map":"\u7ecf\u5178\u6a21\u5f0f-\u53ec\u5524\u5e08\u5ce1\u8c37","rank":"0","modified":1426598184,"season":"4","created":"2015-03-17 21:13:14"},{"id":"1209","role_id":"72","map":"\u7ecf\u5178\u6a21\u5f0f-\u53ec\u5524\u5e08\u5ce1\u8c37","rank":"0","modified":1426597967,"season":"4","created":"2015-03-17 21:10:36"},{"id":"1208","role_id":"59","map":"\u7ecf\u5178\u6a21\u5f0f-\u53ec\u5524\u5e08\u5ce1\u8c37","rank":"0","modified":1426597657,"season":"4","created":"2015-03-17 21:04:27"},{"id":"1207","role_id":"90","map":"\u7ecf\u5178\u6a21\u5f0f-\u53ec\u5524\u5e08\u5ce1\u8c37","rank":"0","modified":1426597418,"season":"4","created":"2015-03-17 20:58:32"},{"id":"1206","role_id":"55","map":"\u7ecf\u5178\u6a21\u5f0f-\u53ec\u5524\u5e08\u5ce1\u8c37","rank":"0","modified":1426597014,"season":"4","created":"2015-03-17 20:40:11"},{"id":"1205","role_id":"67","map":"\u7ecf\u5178\u6a21\u5f0f-\u53ec\u5524\u5e08\u5ce1\u8c37","rank":"0","modified":1426594033,"season":"4","created":"2015-03-17 20:05:02"},{"id":"1204","role_id":"61","map":"\u7ecf\u5178\u6a21\u5f0f-\u53ec\u5524\u5e08\u5ce1\u8c37","rank":"0","modified":1426593833,"season":"4","created":"2015-03-17 20:01:09"},{"id":"1203","role_id":"37","map":"\u7ecf\u5178\u6a21\u5f0f-\u53ec\u5524\u5e08\u5ce1\u8c37","rank":"0","modified":1426593611,"season":"4","created":"2015-03-17 19:57:03"},{"id":"1202","role_id":"62","map":"\u7ecf\u5178\u6a21\u5f0f-\u53ec\u5524\u5e08\u5ce1\u8c37","rank":"0","modified":1438066607,"season":"4","created":"2015-03-17 19:53:36"},{"id":"1201","role_id":"38","map":"\u7ecf\u5178\u6a21\u5f0f-\u53ec\u5524\u5e08\u5ce1\u8c37","rank":"0","modified":1426592885,"season":"4","created":"2015-03-17 19:46:15"},{"id":"1200","role_id":"63","map":"\u7ecf\u5178\u6a21\u5f0f-\u53ec\u5524\u5e08\u5ce1\u8c37","rank":"0","modified":1426592708,"season":"4","created":"2015-03-17 19:41:38"},{"id":"1199","role_id":"36","map":"\u7ecf\u5178\u6a21\u5f0f-\u53ec\u5524\u5e08\u5ce1\u8c37","rank":"0","modified":1426592474,"season":"4","created":"2015-03-17 19:39:15"},{"id":"1198","role_id":"78","map":"\u7ecf\u5178\u6a21\u5f0f-\u53ec\u5524\u5e08\u5ce1\u8c37","rank":"0","modified":1426592316,"season":"4","created":"2015-03-17 19:36:01"},{"id":"1197","role_id":"105","map":"\u7ecf\u5178\u6a21\u5f0f-\u53ec\u5524\u5e08\u5ce1\u8c37","rank":"0","modified":1426592128,"season":"4","created":"2015-03-17 19:32:52"},{"id":"1196","role_id":"104","map":"\u7ecf\u5178\u6a21\u5f0f-\u53ec\u5524\u5e08\u5ce1\u8c37","rank":"0","modified":1426591939,"season":"4","created":"2015-03-17 19:30:07"},{"id":"1195","role_id":"101","map":"\u7ecf\u5178\u6a21\u5f0f-\u53ec\u5524\u5e08\u5ce1\u8c37","rank":"0","modified":1426591782,"season":"4","created":"2015-03-17 19:27:26"},{"id":"1194","role_id":"99","map":"\u7ecf\u5178\u6a21\u5f0f-\u53ec\u5524\u5e08\u5ce1\u8c37","rank":"0","modified":1426591598,"season":"4","created":"2015-03-17 19:23:45"},{"id":"1193","role_id":"96","map":"\u7ecf\u5178\u6a21\u5f0f-\u53ec\u5524\u5e08\u5ce1\u8c37","rank":"0","modified":1426591350,"season":"4","created":"2015-03-17 19:20:33"},{"id":"1192","role_id":"95","map":"\u7ecf\u5178\u6a21\u5f0f-\u53ec\u5524\u5e08\u5ce1\u8c37","rank":"0","modified":1426590591,"season":"4","created":"2015-03-17 19:06:55"},{"id":"1191","role_id":"97","map":"\u7ecf\u5178\u6a21\u5f0f-\u53ec\u5524\u5e08\u5ce1\u8c37","rank":"0","modified":1426590377,"season":"4","created":"2015-03-17 18:59:15"},{"id":"1190","role_id":"106","map":"\u7ecf\u5178\u6a21\u5f0f-\u53ec\u5524\u5e08\u5ce1\u8c37","rank":"0","modified":1426589518,"season":"4","created":"2015-03-17 17:55:57"},{"id":"1189","role_id":"39","map":"\u7ecf\u5178\u6a21\u5f0f-\u53ec\u5524\u5e08\u5ce1\u8c37","rank":"0","modified":1426586130,"season":"4","created":"2015-03-17 17:53:00"},{"id":"1188","role_id":"41","map":"\u7ecf\u5178\u6a21\u5f0f-\u53ec\u5524\u5e08\u5ce1\u8c37","rank":"0","modified":1426585952,"season":"4","created":"2015-03-17 17:49:29"},{"id":"1187","role_id":"43","map":"\u7ecf\u5178\u6a21\u5f0f-\u53ec\u5524\u5e08\u5ce1\u8c37","rank":"0","modified":1426585655,"season":"4","created":"2015-03-17 17:11:04"},{"id":"1186","role_id":"44","map":"\u7ecf\u5178\u6a21\u5f0f-\u53ec\u5524\u5e08\u5ce1\u8c37","rank":"0","modified":1426583403,"season":"4","created":"2015-03-17 17:05:58"},{"id":"1185","role_id":"45","map":"\u7ecf\u5178\u6a21\u5f0f-\u53ec\u5524\u5e08\u5ce1\u8c37","rank":"0","modified":1426582948,"season":"4","created":"2015-03-17 16:58:50"},{"id":"1184","role_id":"48","map":"\u7ecf\u5178\u6a21\u5f0f-\u53ec\u5524\u5e08\u5ce1\u8c37","rank":"0","modified":1426582050,"season":"4","created":"2015-03-17 16:45:06"},{"id":"1183","role_id":"52","map":"\u7ecf\u5178\u6a21\u5f0f-\u53ec\u5524\u5e08\u5ce1\u8c37","rank":"0","modified":1426581840,"season":"4","created":"2015-03-17 16:41:19"},{"id":"1182","role_id":"53","map":"\u7ecf\u5178\u6a21\u5f0f-\u53ec\u5524\u5e08\u5ce1\u8c37","rank":"0","modified":1426581651,"season":"4","created":"2015-03-17 16:08:41"},{"id":"1181","role_id":"34","map":"\u7ecf\u5178\u6a21\u5f0f-\u53ec\u5524\u5e08\u5ce1\u8c37","rank":"0","modified":1426579670,"season":"4","created":"2015-03-17 16:04:14"},{"id":"1180","role_id":"32","map":"\u7ecf\u5178\u6a21\u5f0f-\u53ec\u5524\u5e08\u5ce1\u8c37","rank":"0","modified":1426579379,"season":"4","created":"2015-03-17 15:57:39"},{"id":"1179","role_id":"33","map":"\u7ecf\u5178\u6a21\u5f0f-\u53ec\u5524\u5e08\u5ce1\u8c37","rank":"0","modified":1426578983,"season":"4","created":"2015-03-17 15:48:32"},{"id":"1178","role_id":"30","map":"\u7ecf\u5178\u6a21\u5f0f-\u53ec\u5524\u5e08\u5ce1\u8c37","rank":"0","modified":1426578417,"season":"4","created":"2015-03-17 15:43:43"},{"id":"1177","role_id":"27","map":"\u7ecf\u5178\u6a21\u5f0f-\u53ec\u5524\u5e08\u5ce1\u8c37","rank":"0","modified":1426577891,"season":"4","created":"2015-03-17 15:35:50"},{"id":"1176","role_id":"25","map":"\u7ecf\u5178\u6a21\u5f0f-\u53ec\u5524\u5e08\u5ce1\u8c37","rank":"0","modified":1426577707,"season":"4","created":"2015-03-17 15:31:27"},{"id":"1175","role_id":"25","map":"\u7ecf\u5178\u6a21\u5f0f-\u53ec\u5524\u5e08\u5ce1\u8c37","rank":"0","modified":1426577476,"season":"4","created":"2015-03-17 15:24:26"},{"id":"1174","role_id":"22","map":"\u7ecf\u5178\u6a21\u5f0f-\u53ec\u5524\u5e08\u5ce1\u8c37","rank":"0","modified":1426576995,"season":"4","created":"2015-03-17 15:17:23"},{"id":"1173","role_id":"18","map":"\u7ecf\u5178\u6a21\u5f0f-\u53ec\u5524\u5e08\u5ce1\u8c37","rank":"0","modified":1426576521,"season":"4","created":"2015-03-17 15:10:30"},{"id":"1172","role_id":"14","map":"\u7ecf\u5178\u6a21\u5f0f-\u53ec\u5524\u5e08\u5ce1\u8c37","rank":"0","modified":1426576110,"season":"4","created":"2015-03-17 15:04:29"},{"id":"1171","role_id":"13","map":"\u7ecf\u5178\u6a21\u5f0f-\u53ec\u5524\u5e08\u5ce1\u8c37","rank":"0","modified":1426575834,"season":"4","created":"2015-03-17 15:00:20"},{"id":"1170","role_id":"10","map":"\u7ecf\u5178\u6a21\u5f0f-\u53ec\u5524\u5e08\u5ce1\u8c37","rank":"0","modified":1426575437,"season":"4","created":"2015-03-17 14:51:53"},{"id":"1169","role_id":"5","map":"\u7ecf\u5178\u6a21\u5f0f-\u53ec\u5524\u5e08\u5ce1\u8c37","rank":"0","modified":1426574933,"season":"4","created":"2015-03-17 14:27:24"},{"id":"1168","role_id":"2","map":"\u7ecf\u5178\u6a21\u5f0f-\u53ec\u5524\u5e08\u5ce1\u8c37","rank":"0","modified":1426561599,"season":"4","created":"2015-03-17 11:03:05"},{"id":"1167","role_id":"1","map":"\u7ecf\u5178\u6a21\u5f0f-\u53ec\u5524\u5e08\u5ce1\u8c37","rank":"0","modified":1426561343,"season":"4","created":"2015-03-17 10:58:53"},{"id":"1166","role_id":"114","map":"\u7ecf\u5178\u6a21\u5f0f-\u53ec\u5524\u5e08\u5ce1\u8c37","rank":"0","modified":1426558729,"season":"4","created":"2015-03-17 09:58:37"},{"id":"1165","role_id":"115","map":"\u7ecf\u5178\u6a21\u5f0f-\u53ec\u5524\u5e08\u5ce1\u8c37","rank":"0","modified":1426557488,"season":"4","created":"2015-03-17 09:55:06"},{"id":"1164","role_id":"116","map":"\u7ecf\u5178\u6a21\u5f0f-\u53ec\u5524\u5e08\u5ce1\u8c37","rank":"0","modified":1426557276,"season":"4","created":"2015-03-17 09:50:40"},{"id":"1163","role_id":"117","map":"\u7ecf\u5178\u6a21\u5f0f-\u53ec\u5524\u5e08\u5ce1\u8c37","rank":"0","modified":1426556992,"season":"4","created":"2015-03-17 09:44:14"},{"id":"1162","role_id":"119","map":"\u7ecf\u5178\u6a21\u5f0f-\u53ec\u5524\u5e08\u5ce1\u8c37","rank":"0","modified":1426556619,"season":"4","created":"2015-03-17 09:37:50"},{"id":"1161","role_id":"58","map":"\u7ecf\u5178\u6a21\u5f0f-\u53ec\u5524\u5e08\u5ce1\u8c37","rank":"0","modified":1427111657,"season":"4","created":"2015-02-28 11:06:57"},{"id":"1160","role_id":"16","map":"\u7ecf\u5178\u6a21\u5f0f-\u53ec\u5524\u5e08\u5ce1\u8c37","rank":"0","modified":1425092650,"season":"4","created":"2015-02-28 10:53:01"},{"id":"1159","role_id":"55","map":"\u7ecf\u5178\u6a21\u5f0f-\u53ec\u5524\u5e08\u5ce1\u8c37","rank":"0","modified":1426595985,"season":"4","created":"2015-02-28 10:34:08"},{"id":"1158","role_id":"85","map":"\u7ecf\u5178\u6a21\u5f0f-\u53ec\u5524\u5e08\u5ce1\u8c37","rank":"0","modified":1425091163,"season":"4","created":"2015-02-16 10:56:21"},{"id":"1157","role_id":"37","map":"\u7ecf\u5178\u6a21\u5f0f-\u53ec\u5524\u5e08\u5ce1\u8c37","rank":"0","modified":1425091217,"season":"4","created":"2015-02-16 10:52:35"},{"id":"1156","role_id":"25","map":"\u7ecf\u5178\u6a21\u5f0f-\u53ec\u5524\u5e08\u5ce1\u8c37","rank":"0","modified":1425091322,"season":"4","created":"2015-02-16 09:53:33"},{"id":"1155","role_id":"100","map":"\u7ecf\u5178\u6a21\u5f0f-\u53ec\u5524\u5e08\u5ce1\u8c37","rank":"0","modified":1427108660,"season":"4","created":"2015-02-15 15:51:17"},{"id":"1154","role_id":"122","map":"\u7ecf\u5178\u6a21\u5f0f-\u53ec\u5524\u5e08\u5ce1\u8c37","rank":"0","modified":1425091446,"season":"4","created":"2015-02-12 15:22:59"},{"id":"1153","role_id":"83","map":"\u7ecf\u5178\u6a21\u5f0f-\u53ec\u5524\u5e08\u5ce1\u8c37","rank":"0","modified":1425091483,"season":"4","created":"2015-02-05 11:48:19"},{"id":"1152","role_id":"70","map":"\u7ecf\u5178\u6a21\u5f0f-\u53ec\u5524\u5e08\u5ce1\u8c37","rank":"0","modified":1425091515,"season":"4","created":"2015-02-04 19:35:21"},{"id":"1151","role_id":"70","map":"\u7ecf\u5178\u6a21\u5f0f-\u53ec\u5524\u5e08\u5ce1\u8c37","rank":"0","modified":1427111386,"season":"4","created":"2015-02-04 19:32:57"},{"id":"1150","role_id":"58","map":"\u7ecf\u5178\u6a21\u5f0f-\u53ec\u5524\u5e08\u5ce1\u8c37","rank":"0","modified":1427111639,"season":"4","created":"2015-02-04 19:29:09"},{"id":"1149","role_id":"28","map":"\u7ecf\u5178\u6a21\u5f0f-\u53ec\u5524\u5e08\u5ce1\u8c37","rank":"0","modified":1427111832,"season":"4","created":"2015-02-04 19:21:06"},{"id":"1148","role_id":"23","map":"\u7ecf\u5178\u6a21\u5f0f-\u53ec\u5524\u5e08\u5ce1\u8c37","rank":"0","modified":1425091635,"season":"4","created":"2015-02-04 19:16:53"},{"id":"1147","role_id":"13","map":"\u7ecf\u5178\u6a21\u5f0f-\u53ec\u5524\u5e08\u5ce1\u8c37","rank":"0","modified":1425091668,"season":"4","created":"2015-02-03 10:02:43"},{"id":"1146","role_id":"105","map":"\u7ecf\u5178\u6a21\u5f0f-\u53ec\u5524\u5e08\u5ce1\u8c37","rank":"0","modified":1425091705,"season":"4","created":"2015-01-28 14:55:55"},{"id":"1145","role_id":"9","map":"\u7ecf\u5178\u6a21\u5f0f-\u53ec\u5524\u5e08\u5ce1\u8c37","rank":"0","modified":1425091751,"season":"4","created":"2015-01-19 16:46:10"},{"id":"1144","role_id":"50","map":"\u7ecf\u5178\u6a21\u5f0f-\u53ec\u5524\u5e08\u5ce1\u8c37","rank":"0","modified":1425091757,"season":"4","created":"2015-01-19 16:40:06"},{"id":"1143","role_id":"64","map":"\u7ecf\u5178\u6a21\u5f0f-\u53ec\u5524\u5e08\u5ce1\u8c37","rank":"0","modified":1425091778,"season":"4","created":"2015-01-19 16:36:06"},{"id":"1142","role_id":"48","map":"\u7ecf\u5178\u6a21\u5f0f-\u53ec\u5524\u5e08\u5ce1\u8c37","rank":"0","modified":1421657490,"season":"4","created":"2015-01-19 16:29:05"},{"id":"1141","role_id":"120","map":"\u7ecf\u5178\u6a21\u5f0f-\u53ec\u5524\u5e08\u5ce1\u8c37","rank":"0","modified":1421656111,"season":"4","created":"2015-01-19 16:22:42"},{"id":"1140","role_id":"82","map":"\u7ecf\u5178\u6a21\u5f0f-\u53ec\u5524\u5e08\u5ce1\u8c37","rank":"0","modified":1421655679,"season":"4","created":"2015-01-19 16:02:42"},{"id":"1139","role_id":"121","map":"\u7ecf\u5178\u6a21\u5f0f-\u53ec\u5524\u5e08\u5ce1\u8c37","rank":"0","modified":1421654881,"season":"4","created":"2015-01-19 15:54:03"},{"id":"1138","role_id":"40","map":"\u7ecf\u5178\u6a21\u5f0f-\u53ec\u5524\u5e08\u5ce1\u8c37","rank":"0","modified":1427111470,"season":"4","created":"2015-01-19 15:49:53"},{"id":"1137","role_id":"123","map":"\u7ecf\u5178\u6a21\u5f0f-\u53ec\u5524\u5e08\u5ce1\u8c37","rank":"0","modified":1421653641,"season":"4","created":"2015-01-19 15:37:12"},{"id":"1136","role_id":"43","map":"\u7ecf\u5178\u6a21\u5f0f-\u53ec\u5524\u5e08\u5ce1\u8c37","rank":"0","modified":1421637873,"season":"4","created":"2015-01-13 11:34:59"},{"id":"1135","role_id":"113","map":"\u7ecf\u5178\u6a21\u5f0f-\u53ec\u5524\u5e08\u5ce1\u8c37","rank":"0","modified":1426558812,"season":"4","created":"2015-01-12 19:00:01"},{"id":"1134","role_id":"83","map":"\u7ecf\u5178\u6a21\u5f0f-\u53ec\u5524\u5e08\u5ce1\u8c37","rank":"0","modified":1427111167,"season":"4","created":"2015-01-07 16:56:58"},{"id":"1133","role_id":"32","map":"\u7ecf\u5178\u6a21\u5f0f-\u53ec\u5524\u5e08\u5ce1\u8c37","rank":"0","modified":1425091952,"season":"4","created":"2015-01-07 16:52:10"},{"id":"1132","role_id":"49","map":"\u7ecf\u5178\u6a21\u5f0f-\u53ec\u5524\u5e08\u5ce1\u8c37","rank":"0","modified":1420620592,"season":"4","created":"2015-01-07 16:46:53"},{"id":"1131","role_id":"6","map":"\u7ecf\u5178\u6a21\u5f0f-\u53ec\u5524\u5e08\u5ce1\u8c37","rank":"0","modified":1420620350,"season":"4","created":"2015-01-07 16:41:22"},{"id":"1130","role_id":"84","map":"\u7ecf\u5178\u6a21\u5f0f-\u53ec\u5524\u5e08\u5ce1\u8c37","rank":"0","modified":1427110786,"season":"4","created":"2015-01-07 16:30:50"},{"id":"1129","role_id":"114","map":"\u7ecf\u5178\u6a21\u5f0f-\u53ec\u5524\u5e08\u5ce1\u8c37","rank":"0","modified":1420619288,"season":"4","created":"2015-01-07 16:25:07"},{"id":"1128","role_id":"103","map":"\u7ecf\u5178\u6a21\u5f0f-\u53ec\u5524\u5e08\u5ce1\u8c37","rank":"0","modified":1427111323,"season":"4","created":"2015-01-07 16:21:34"},{"id":"1127","role_id":"107","map":"\u7ecf\u5178\u6a21\u5f0f-\u53ec\u5524\u5e08\u5ce1\u8c37","rank":"0","modified":1420618853,"season":"4","created":"2015-01-07 16:18:07"},{"id":"1126","role_id":"61","map":"\u7ecf\u5178\u6a21\u5f0f-\u53ec\u5524\u5e08\u5ce1\u8c37","rank":"0","modified":1427110844,"season":"4","created":"2015-01-07 16:14:13"},{"id":"1125","role_id":"78","map":"\u7ecf\u5178\u6a21\u5f0f-\u53ec\u5524\u5e08\u5ce1\u8c37","rank":"0","modified":1427110732,"season":"4","created":"2015-01-07 16:10:37"},{"id":"1124","role_id":"94","map":"\u7ecf\u5178\u6a21\u5f0f-\u53ec\u5524\u5e08\u5ce1\u8c37","rank":"0","modified":1437101476,"season":"4","created":"2015-01-07 16:06:41"},{"id":"1123","role_id":"21","map":"\u7ecf\u5178\u6a21\u5f0f-\u53ec\u5524\u5e08\u5ce1\u8c37","rank":"0","modified":1427109692,"season":"4","created":"2015-01-07 16:01:31"},{"id":"1122","role_id":"42","map":"\u7ecf\u5178\u6a21\u5f0f-\u53ec\u5524\u5e08\u5ce1\u8c37","rank":"0","modified":1427110268,"season":"4","created":"2015-01-07 15:57:49"},{"id":"1121","role_id":"47","map":"\u7ecf\u5178\u6a21\u5f0f-\u53ec\u5524\u5e08\u5ce1\u8c37","rank":"0","modified":1427110203,"season":"4","created":"2015-01-07 15:52:57"},{"id":"1120","role_id":"106","map":"\u7ecf\u5178\u6a21\u5f0f-\u53ec\u5524\u5e08\u5ce1\u8c37","rank":"0","modified":1427110614,"season":"4","created":"2015-01-07 15:47:35"},{"id":"1119","role_id":"55","map":"\u7ecf\u5178\u6a21\u5f0f-\u53ec\u5524\u5e08\u5ce1\u8c37","rank":"0","modified":1420616781,"season":"4","created":"2015-01-07 15:43:21"},{"id":"1118","role_id":"75","map":"\u7ecf\u5178\u6a21\u5f0f-\u53ec\u5524\u5e08\u5ce1\u8c37","rank":"0","modified":1427111240,"season":"4","created":"2015-01-07 15:38:32"},{"id":"1117","role_id":"112","map":"\u7ecf\u5178\u6a21\u5f0f-\u53ec\u5524\u5e08\u5ce1\u8c37","rank":"0","modified":1427109181,"season":"4","created":"2015-01-07 15:28:42"},{"id":"1116","role_id":"27","map":"\u7ecf\u5178\u6a21\u5f0f-\u53ec\u5524\u5e08\u5ce1\u8c37","rank":"0","modified":1437099545,"season":"4","created":"2015-01-07 15:22:30"},{"id":"1115","role_id":"24","map":"\u7ecf\u5178\u6a21\u5f0f-\u53ec\u5524\u5e08\u5ce1\u8c37","rank":"0","modified":1427109822,"season":"4","created":"2015-01-07 15:16:36"},{"id":"1114","role_id":"81","map":"\u7ecf\u5178\u6a21\u5f0f-\u53ec\u5524\u5e08\u5ce1\u8c37","rank":"0","modified":1427110939,"season":"4","created":"2015-01-07 15:10:27"},{"id":"1113","role_id":"16","map":"\u7ecf\u5178\u6a21\u5f0f-\u53ec\u5524\u5e08\u5ce1\u8c37","rank":"0","modified":1432633993,"season":"4","created":"2015-01-07 15:04:02"},{"id":"1112","role_id":"14","map":"\u7ecf\u5178\u6a21\u5f0f-\u53ec\u5524\u5e08\u5ce1\u8c37","rank":"0","modified":1420614215,"season":"4","created":"2015-01-07 14:59:24"},{"id":"1111","role_id":"19","map":"\u7ecf\u5178\u6a21\u5f0f-\u53ec\u5524\u5e08\u5ce1\u8c37","rank":"0","modified":1427109751,"season":"4","created":"2015-01-07 14:52:39"},{"id":"1110","role_id":"72","map":"\u7ecf\u5178\u6a21\u5f0f-\u53ec\u5524\u5e08\u5ce1\u8c37","rank":"0","modified":1437099703,"season":"4","created":"2015-01-07 14:47:10"},{"id":"1109","role_id":"90","map":"\u7ecf\u5178\u6a21\u5f0f-\u53ec\u5524\u5e08\u5ce1\u8c37","rank":"0","modified":1420613188,"season":"4","created":"2015-01-07 14:40:55"},{"id":"1108","role_id":"31","map":"\u7ecf\u5178\u6a21\u5f0f-\u53ec\u5524\u5e08\u5ce1\u8c37","rank":"0","modified":1427109925,"season":"4","created":"2015-01-07 14:34:58"},{"id":"1107","role_id":"102","map":"\u7ecf\u5178\u6a21\u5f0f-\u53ec\u5524\u5e08\u5ce1\u8c37","rank":"0","modified":1420612460,"season":"4","created":"2015-01-07 14:28:54"},{"id":"1106","role_id":"88","map":"\u7ecf\u5178\u6a21\u5f0f-\u53ec\u5524\u5e08\u5ce1\u8c37","rank":"0","modified":1420611960,"season":"4","created":"2015-01-07 14:21:04"},{"id":"1104","role_id":"107","map":"\u7ecf\u5178\u6a21\u5f0f-\u53ec\u5524\u5e08\u5ce1\u8c37","rank":"0","modified":1420530877,"season":"4","created":"2015-01-06 15:40:48"},{"id":"1101","role_id":"80","map":"\u7ecf\u5178\u6a21\u5f0f-\u53ec\u5524\u5e08\u5ce1\u8c37","rank":"0","modified":1426597812,"season":"4","created":"2015-01-05 16:02:35"},{"id":"1100","role_id":"33","map":"\u7ecf\u5178\u6a21\u5f0f-\u53ec\u5524\u5e08\u5ce1\u8c37","rank":"0","modified":1420444455,"season":"4","created":"2015-01-05 15:48:33"},{"id":"1099","role_id":"62","map":"\u7ecf\u5178\u6a21\u5f0f-\u53ec\u5524\u5e08\u5ce1\u8c37","rank":"0","modified":1420443117,"season":"4","created":"2015-01-05 15:27:36"},{"id":"1098","role_id":"71","map":"\u7ecf\u5178\u6a21\u5f0f-\u53ec\u5524\u5e08\u5ce1\u8c37","rank":"0","modified":1426605724,"season":"4","created":"2015-01-04 15:26:59"},{"id":"1097","role_id":"73","map":"\u7ecf\u5178\u6a21\u5f0f-\u53ec\u5524\u5e08\u5ce1\u8c37","rank":"0","modified":1420355932,"season":"4","created":"2015-01-04 15:09:37"},{"id":"1096","role_id":"40","map":"\u7ecf\u5178\u6a21\u5f0f-\u53ec\u5524\u5e08\u5ce1\u8c37","rank":"0","modified":1419933954,"season":"4","created":"2014-12-30 17:54:14"},{"id":"1095","role_id":"9","map":"\u7ecf\u5178\u6a21\u5f0f-\u53ec\u5524\u5e08\u5ce1\u8c37","rank":"0","modified":1419906289,"season":"4","created":"2014-12-30 10:17:55"},{"id":"1094","role_id":"48","map":"\u7ecf\u5178\u6a21\u5f0f-\u53ec\u5524\u5e08\u5ce1\u8c37","rank":"0","modified":1419839047,"season":"4","created":"2014-12-29 15:07:08"},{"id":"1093","role_id":"74","map":"\u7ecf\u5178\u6a21\u5f0f-\u53ec\u5524\u5e08\u5ce1\u8c37","rank":"0","modified":1426593188,"season":"4","created":"2014-12-29 14:48:15"},{"id":"1092","role_id":"57","map":"\u7ecf\u5178\u6a21\u5f0f-\u53ec\u5524\u5e08\u5ce1\u8c37","rank":"0","modified":1427111035,"season":"4","created":"2014-12-29 14:22:23"},{"id":"1091","role_id":"101","map":"\u7ecf\u5178\u6a21\u5f0f-\u53ec\u5524\u5e08\u5ce1\u8c37","rank":"0","modified":1419833772,"season":"4","created":"2014-12-29 14:12:32"},{"id":"1090","role_id":"41","map":"\u7ecf\u5178\u6a21\u5f0f-\u53ec\u5524\u5e08\u5ce1\u8c37","rank":"0","modified":1419576121,"season":"4","created":"2014-12-26 14:37:48"},{"id":"1089","role_id":"87","map":"\u7ecf\u5178\u6a21\u5f0f-\u53ec\u5524\u5e08\u5ce1\u8c37","rank":"0","modified":1424054299,"season":"4","created":"2014-12-23 15:40:04"},{"id":"1088","role_id":"66","map":"\u7ecf\u5178\u6a21\u5f0f-\u53ec\u5524\u5e08\u5ce1\u8c37","rank":"0","modified":1437101872,"season":"4","created":"2014-12-23 14:44:57"},{"id":"1087","role_id":"123","map":"\u7ecf\u5178\u6a21\u5f0f-\u53ec\u5524\u5e08\u5ce1\u8c37","rank":"0","modified":1418974450,"season":"4","created":"2014-12-19 15:26:28"},{"id":"1086","role_id":"73","map":"\u7ecf\u5178\u6a21\u5f0f-\u53ec\u5524\u5e08\u5ce1\u8c37","rank":"0","modified":1437099638,"season":"4","created":"2014-12-17 14:33:55"},{"id":"1085","role_id":"91","map":"\u7ecf\u5178\u6a21\u5f0f-\u53ec\u5524\u5e08\u5ce1\u8c37","rank":"0","modified":1426593852,"season":"4","created":"2014-12-17 14:11:30"},{"id":"1084","role_id":"93","map":"\u7ecf\u5178\u6a21\u5f0f-\u53ec\u5524\u5e08\u5ce1\u8c37","rank":"0","modified":1426591378,"season":"4","created":"2014-12-17 11:41:54"},{"id":"1083","role_id":"93","map":"\u7ecf\u5178\u6a21\u5f0f-\u53ec\u5524\u5e08\u5ce1\u8c37","rank":"0","modified":1426591394,"season":"4","created":"2014-12-17 11:39:34"},{"id":"1082","role_id":"48","map":"\u7ecf\u5178\u6a21\u5f0f-\u53ec\u5524\u5e08\u5ce1\u8c37","rank":"0","modified":1420612094,"season":"4","created":"2014-12-17 11:35:37"},{"id":"1081","role_id":"66","map":"\u7ecf\u5178\u6a21\u5f0f-\u53ec\u5524\u5e08\u5ce1\u8c37","rank":"0","modified":1418798415,"season":"4","created":"2014-12-17 11:30:21"},{"id":"1080","role_id":"70","map":"\u7ecf\u5178\u6a21\u5f0f-\u53ec\u5524\u5e08\u5ce1\u8c37","rank":"0","modified":1418798413,"season":"4","created":"2014-12-17 11:22:17"},{"id":"1079","role_id":"62","map":"\u7ecf\u5178\u6a21\u5f0f-\u53ec\u5524\u5e08\u5ce1\u8c37","rank":"0","modified":1418786483,"season":"4","created":"2014-12-17 11:17:25"},{"id":"1078","role_id":"65","map":"\u7ecf\u5178\u6a21\u5f0f-\u53ec\u5524\u5e08\u5ce1\u8c37","rank":"0","modified":1420620650,"season":"4","created":"2014-12-17 11:08:36"},{"id":"1077","role_id":"120","map":"\u7ecf\u5178\u6a21\u5f0f-\u53ec\u5524\u5e08\u5ce1\u8c37","rank":"0","modified":1418786480,"season":"4","created":"2014-12-17 10:58:45"},{"id":"1076","role_id":"3","map":"\u7ecf\u5178\u6a21\u5f0f-\u53ec\u5524\u5e08\u5ce1\u8c37","rank":"0","modified":1426573586,"season":"4","created":"2014-12-17 10:53:08"},{"id":"1075","role_id":"25","map":"\u7ecf\u5178\u6a21\u5f0f-\u53ec\u5524\u5e08\u5ce1\u8c37","rank":"0","modified":1418786476,"season":"4","created":"2014-12-17 10:47:17"},{"id":"1074","role_id":"100","map":"\u7ecf\u5178\u6a21\u5f0f-\u53ec\u5524\u5e08\u5ce1\u8c37","rank":"0","modified":1418786473,"season":"4","created":"2014-12-17 10:23:55"},{"id":"1073","role_id":"10","map":"\u7ecf\u5178\u6a21\u5f0f-\u53ec\u5524\u5e08\u5ce1\u8c37","rank":"0","modified":1426575048,"season":"4","created":"2014-12-11 17:27:57"},{"id":"1072","role_id":"113","map":"\u7ecf\u5178\u6a21\u5f0f-\u53ec\u5524\u5e08\u5ce1\u8c37","rank":"0","modified":1424053244,"season":"4","created":"2014-12-11 17:09:44"},{"id":"1071","role_id":"43","map":"\u7ecf\u5178\u6a21\u5f0f-\u53ec\u5524\u5e08\u5ce1\u8c37","rank":"0","modified":1418288699,"season":"4","created":"2014-12-11 16:45:45"},{"id":"1070","role_id":"123","map":"\u7ecf\u5178\u6a21\u5f0f-\u53ec\u5524\u5e08\u5ce1\u8c37","rank":"0","modified":1418973952,"season":"4","created":"2014-12-11 16:32:02"},{"id":"1069","role_id":"123","map":"\u7ecf\u5178\u6a21\u5f0f-\u53ec\u5524\u5e08\u5ce1\u8c37","rank":"0","modified":1418973972,"season":"4","created":"2014-12-11 15:52:30"},{"id":"1068","role_id":"121","map":"\u7ecf\u5178\u6a21\u5f0f-\u53ec\u5524\u5e08\u5ce1\u8c37","rank":"0","modified":1421215570,"season":"4","created":"2014-12-03 11:38:32"},{"id":"1067","role_id":"122","map":"\u7ecf\u5178\u6a21\u5f0f-\u53ec\u5524\u5e08\u5ce1\u8c37","rank":"0","modified":1417578208,"season":"4","created":"2014-12-03 11:33:58"},{"id":"1066","role_id":"79","map":"\u7ecf\u5178\u6a21\u5f0f-\u53ec\u5524\u5e08\u5ce1\u8c37","rank":"0","modified":1426598712,"season":"4","created":"2014-12-03 11:25:33"},{"id":"1065","role_id":"56","map":"\u7ecf\u5178\u6a21\u5f0f-\u53ec\u5524\u5e08\u5ce1\u8c37","rank":"0","modified":1427111557,"season":"4","created":"2014-12-03 11:05:03"},{"id":"1064","role_id":"7","map":"\u7ecf\u5178\u6a21\u5f0f-\u53ec\u5524\u5e08\u5ce1\u8c37","rank":"0","modified":1426574990,"season":"4","created":"2014-12-03 10:54:05"},{"id":"1063","role_id":"104","map":"\u7ecf\u5178\u6a21\u5f0f-\u53ec\u5524\u5e08\u5ce1\u8c37","rank":"0","modified":1417578200,"season":"4","created":"2014-12-03 10:46:23"},{"id":"1062","role_id":"50","map":"\u7ecf\u5178\u6a21\u5f0f-\u53ec\u5524\u5e08\u5ce1\u8c37","rank":"0","modified":1417578197,"season":"4","created":"2014-12-03 10:37:39"},{"id":"1059","role_id":"82","map":"\u7ecf\u5178\u6a21\u5f0f-\u53ec\u5524\u5e08\u5ce1\u8c37","rank":"0","modified":1419839248,"season":"4","created":"2014-11-17 15:04:43"},{"id":"1058","role_id":"39","map":"\u7ecf\u5178\u6a21\u5f0f-\u53ec\u5524\u5e08\u5ce1\u8c37","rank":"0","modified":1416207752,"season":"4","created":"2014-11-17 14:50:54"},{"id":"1057","role_id":"104","map":"\u7ecf\u5178\u6a21\u5f0f-\u53ec\u5524\u5e08\u5ce1\u8c37","rank":"0","modified":1416206624,"season":"4","created":"2014-11-17 14:35:23"},{"id":"1056","role_id":"12","map":"\u7ecf\u5178\u6a21\u5f0f-\u53ec\u5524\u5e08\u5ce1\u8c37","rank":"0","modified":1416205950,"season":"4","created":"2014-11-17 14:16:09"},{"id":"1055","role_id":"91","map":"\u7ecf\u5178\u6a21\u5f0f-\u53ec\u5524\u5e08\u5ce1\u8c37","rank":"0","modified":1416196454,"season":"4","created":"2014-11-17 11:48:48"},{"id":"1054","role_id":"70","map":"\u7ecf\u5178\u6a21\u5f0f-\u53ec\u5524\u5e08\u5ce1\u8c37","rank":"0","modified":1416196001,"season":"4","created":"2014-11-17 11:38:26"},{"id":"1053","role_id":"87","map":"\u7ecf\u5178\u6a21\u5f0f-\u53ec\u5524\u5e08\u5ce1\u8c37","rank":"0","modified":1424054312,"season":"4","created":"2014-11-17 11:33:49"},{"id":"1052","role_id":"2","map":"\u7ecf\u5178\u6a21\u5f0f-\u53ec\u5524\u5e08\u5ce1\u8c37","rank":"0","modified":1416205803,"season":"4","created":"2014-11-17 11:04:36"},{"id":"1051","role_id":"22","map":"\u7ecf\u5178\u6a21\u5f0f-\u53ec\u5524\u5e08\u5ce1\u8c37","rank":"0","modified":1420370903,"season":"4","created":"2014-11-17 10:48:54"},{"id":"1050","role_id":"40","map":"\u7ecf\u5178\u6a21\u5f0f-\u53ec\u5524\u5e08\u5ce1\u8c37","rank":"0","modified":1423049933,"season":"4","created":"2014-11-17 10:26:50"},{"id":"1049","role_id":"122","map":"\u7ecf\u5178\u6a21\u5f0f-\u53ec\u5524\u5e08\u5ce1\u8c37","rank":"0","modified":1416191186,"season":"4","created":"2014-11-17 09:58:08"},{"id":"1048","role_id":"22","map":"\u7ecf\u5178\u6a21\u5f0f-\u53ec\u5524\u5e08\u5ce1\u8c37","rank":"0","modified":1414652738,"season":"4","created":"2014-10-30 15:01:54"},{"id":"1047","role_id":"83","map":"\u7ecf\u5178\u6a21\u5f0f-\u53ec\u5524\u5e08\u5ce1\u8c37","rank":"0","modified":1414052348,"season":"4","created":"2014-10-21 09:57:16"},{"id":"1046","role_id":"100","map":"\u7ecf\u5178\u6a21\u5f0f-\u53ec\u5524\u5e08\u5ce1\u8c37","rank":"0","modified":1413429444,"season":"4","created":"2014-10-16 11:05:17"},{"id":"1045","role_id":"12","map":"\u7ecf\u5178\u6a21\u5f0f-\u53ec\u5524\u5e08\u5ce1\u8c37","rank":"0","modified":1413262052,"season":"4","created":"2014-10-14 11:39:16"},{"id":"1044","role_id":"86","map":"\u7ecf\u5178\u6a21\u5f0f-\u53ec\u5524\u5e08\u5ce1\u8c37","rank":"0","modified":1426597758,"season":"4","created":"2014-10-14 11:29:58"},{"id":"1043","role_id":"56","map":"\u7ecf\u5178\u6a21\u5f0f-\u53ec\u5524\u5e08\u5ce1\u8c37","rank":"0","modified":1413256949,"season":"4","created":"2014-10-14 11:16:31"},{"id":"1042","role_id":"7","map":"\u7ecf\u5178\u6a21\u5f0f-\u53ec\u5524\u5e08\u5ce1\u8c37","rank":"0","modified":1413256372,"season":"4","created":"2014-10-14 11:08:30"},{"id":"1039","role_id":"5","map":"\u7ecf\u5178\u6a21\u5f0f-\u53ec\u5524\u5e08\u5ce1\u8c37","rank":"0","modified":1411376124,"season":"4","created":"2014-09-22 16:52:19"},{"id":"1038","role_id":"100","map":"\u7ecf\u5178\u6a21\u5f0f-\u53ec\u5524\u5e08\u5ce1\u8c37","rank":"0","modified":1411374013,"season":"4","created":"2014-09-22 16:17:01"},{"id":"1037","role_id":"103","map":"\u7ecf\u5178\u6a21\u5f0f-\u53ec\u5524\u5e08\u5ce1\u8c37","rank":"0","modified":1411372371,"season":"4","created":"2014-09-22 15:49:37"},{"id":"1035","role_id":"38","map":"\u7ecf\u5178\u6a21\u5f0f-\u53ec\u5524\u5e08\u5ce1\u8c37","rank":"0","modified":1411105265,"season":"4","created":"2014-09-16 17:11:47"},{"id":"1034","role_id":"81","map":"\u7ecf\u5178\u6a21\u5f0f-\u53ec\u5524\u5e08\u5ce1\u8c37","rank":"0","modified":1410755468,"season":"4","created":"2014-09-15 12:24:44"},{"id":"1033","role_id":"32","map":"\u7ecf\u5178\u6a21\u5f0f-\u53ec\u5524\u5e08\u5ce1\u8c37","rank":"0","modified":1410754878,"season":"4","created":"2014-09-15 12:18:26"},{"id":"1032","role_id":"65","map":"\u7ecf\u5178\u6a21\u5f0f-\u53ec\u5524\u5e08\u5ce1\u8c37","rank":"0","modified":1410753008,"season":"4","created":"2014-09-15 11:46:34"},{"id":"1031","role_id":"36","map":"\u7ecf\u5178\u6a21\u5f0f-\u53ec\u5524\u5e08\u5ce1\u8c37","rank":"0","modified":1422410635,"season":"4","created":"2014-09-15 11:34:55"},{"id":"1030","role_id":"94","map":"\u7ecf\u5178\u6a21\u5f0f-\u53ec\u5524\u5e08\u5ce1\u8c37","rank":"0","modified":1410751818,"season":"4","created":"2014-09-15 11:25:15"},{"id":"1029","role_id":"121","map":"\u7ecf\u5178\u6a21\u5f0f-\u53ec\u5524\u5e08\u5ce1\u8c37","rank":"0","modified":1410746226,"season":"4","created":"2014-09-15 09:52:50"},{"id":"1023","role_id":"53","map":"\u7ecf\u5178\u6a21\u5f0f-\u53ec\u5524\u5e08\u5ce1\u8c37","rank":"0","modified":1408955408,"season":"4","created":"2014-08-25 16:21:55"},{"id":"1022","role_id":"58","map":"\u7ecf\u5178\u6a21\u5f0f-\u53ec\u5524\u5e08\u5ce1\u8c37","rank":"0","modified":1424054155,"season":"4","created":"2014-08-25 16:15:19"},{"id":"1021","role_id":"22","map":"\u7ecf\u5178\u6a21\u5f0f-\u53ec\u5524\u5e08\u5ce1\u8c37","rank":"0","modified":1408955411,"season":"4","created":"2014-08-25 16:07:32"},{"id":"1020","role_id":"120","map":"\u7ecf\u5178\u6a21\u5f0f-\u53ec\u5524\u5e08\u5ce1\u8c37","rank":"0","modified":1408955415,"season":"4","created":"2014-08-25 16:01:40"},{"id":"1019","role_id":"120","map":"\u7ecf\u5178\u6a21\u5f0f-\u53ec\u5524\u5e08\u5ce1\u8c37","rank":"0","modified":1408518662,"season":"4","created":"2014-08-20 14:57:22"},{"id":"1018","role_id":"97","map":"\u7ecf\u5178\u6a21\u5f0f-\u53ec\u5524\u5e08\u5ce1\u8c37","rank":"0","modified":1408010570,"season":"4","created":"2014-08-12 10:24:09"},{"id":"1017","role_id":"91","map":"\u7ecf\u5178\u6a21\u5f0f-\u53ec\u5524\u5e08\u5ce1\u8c37","rank":"0","modified":1407745433,"season":"4","created":"2014-08-11 16:18:13"},{"id":"1016","role_id":"75","map":"\u7ecf\u5178\u6a21\u5f0f-\u53ec\u5524\u5e08\u5ce1\u8c37","rank":"0","modified":1407833776,"season":"4","created":"2014-08-11 15:29:52"},{"id":"1015","role_id":"99","map":"\u7ecf\u5178\u6a21\u5f0f-\u53ec\u5524\u5e08\u5ce1\u8c37","rank":"0","modified":1406797821,"season":"4","created":"2014-07-31 17:06:39"},{"id":"1014","role_id":"119","map":"\u7ecf\u5178\u6a21\u5f0f-\u53ec\u5524\u5e08\u5ce1\u8c37","rank":"0","modified":1406797399,"season":"4","created":"2014-07-31 16:55:54"},{"id":"1013","role_id":"65","map":"\u7ecf\u5178\u6a21\u5f0f-\u53ec\u5524\u5e08\u5ce1\u8c37","rank":"0","modified":1406728570,"season":"4","created":"2014-07-30 21:52:46"},{"id":"1012","role_id":"107","map":"\u7ecf\u5178\u6a21\u5f0f-\u53ec\u5524\u5e08\u5ce1\u8c37","rank":"0","modified":1420529146,"season":"4","created":"2014-07-30 21:22:25"},{"id":"1011","role_id":"30","map":"\u7ecf\u5178\u6a21\u5f0f-\u53ec\u5524\u5e08\u5ce1\u8c37","rank":"0","modified":1406726411,"season":"4","created":"2014-07-30 21:17:37"},{"id":"1010","role_id":"113","map":"\u7ecf\u5178\u6a21\u5f0f-\u53ec\u5524\u5e08\u5ce1\u8c37","rank":"0","modified":1424053201,"season":"4","created":"2014-07-30 20:28:41"},{"id":"1009","role_id":"60","map":"\u7ecf\u5178\u6a21\u5f0f-\u53ec\u5524\u5e08\u5ce1\u8c37","rank":"0","modified":1406802987,"season":"4","created":"2014-07-30 20:06:47"},{"id":"1008","role_id":"115","map":"\u7ecf\u5178\u6a21\u5f0f-\u53ec\u5524\u5e08\u5ce1\u8c37","rank":"0","modified":1406802538,"season":"4","created":"2014-07-30 19:59:00"},{"id":"1007","role_id":"49","map":"\u7ecf\u5178\u6a21\u5f0f-\u53ec\u5524\u5e08\u5ce1\u8c37","rank":"0","modified":1406717305,"season":"4","created":"2014-07-25 20:11:33"},{"id":"1006","role_id":"53","map":"\u7ecf\u5178\u6a21\u5f0f-\u53ec\u5524\u5e08\u5ce1\u8c37","rank":"0","modified":1406717315,"season":"4","created":"2014-07-25 20:04:54"},{"id":"1005","role_id":"105","map":"\u7ecf\u5178\u6a21\u5f0f-\u53ec\u5524\u5e08\u5ce1\u8c37","rank":"0","modified":1406196940,"season":"4","created":"2014-07-24 18:12:24"},{"id":"1004","role_id":"1","map":"\u7ecf\u5178\u6a21\u5f0f-\u53ec\u5524\u5e08\u5ce1\u8c37","rank":"0","modified":1406196711,"season":"4","created":"2014-07-24 17:58:40"},{"id":"1003","role_id":"102","map":"\u7ecf\u5178\u6a21\u5f0f-\u53ec\u5524\u5e08\u5ce1\u8c37","rank":"0","modified":1406171172,"season":"4","created":"2014-07-15 11:59:37"},{"id":"1002","role_id":"102","map":"\u7ecf\u5178\u6a21\u5f0f-\u53ec\u5524\u5e08\u5ce1\u8c37","rank":"0","modified":1405397013,"season":"4","created":"2014-07-15 11:57:00"},{"id":"1001","role_id":"102","map":"\u7ecf\u5178\u6a21\u5f0f-\u53ec\u5524\u5e08\u5ce1\u8c37","rank":"0","modified":1406099397,"season":"4","created":"2014-07-15 11:51:53"},{"id":"1000","role_id":"101","map":"\u7ecf\u5178\u6a21\u5f0f-\u53ec\u5524\u5e08\u5ce1\u8c37","rank":"0","modified":1405302821,"season":"4","created":"2014-07-11 11:53:00"},{"id":"999","role_id":"90","map":"\u7ecf\u5178\u6a21\u5f0f-\u53ec\u5524\u5e08\u5ce1\u8c37","rank":"0","modified":1406170249,"season":"4","created":"2014-07-11 11:39:33"},{"id":"998","role_id":"90","map":"\u7ecf\u5178\u6a21\u5f0f-\u53ec\u5524\u5e08\u5ce1\u8c37","rank":"0","modified":1406170266,"season":"4","created":"2014-07-11 11:35:30"},{"id":"997","role_id":"39","map":"\u7ecf\u5178\u6a21\u5f0f-\u53ec\u5524\u5e08\u5ce1\u8c37","rank":"0","modified":1424053920,"season":"4","created":"2014-07-11 11:35:14"},{"id":"996","role_id":"71","map":"\u7ecf\u5178\u6a21\u5f0f-\u53ec\u5524\u5e08\u5ce1\u8c37","rank":"0","modified":1405303149,"season":"4","created":"2014-07-11 11:31:52"},{"id":"995","role_id":"92","map":"\u7ecf\u5178\u6a21\u5f0f-\u53ec\u5524\u5e08\u5ce1\u8c37","rank":"0","modified":1424054021,"season":"4","created":"2014-07-11 11:30:27"},{"id":"994","role_id":"71","map":"\u7ecf\u5178\u6a21\u5f0f-\u53ec\u5524\u5e08\u5ce1\u8c37","rank":"0","modified":1406168040,"season":"4","created":"2014-07-11 11:28:57"},{"id":"993","role_id":"96","map":"\u7ecf\u5178\u6a21\u5f0f-\u53ec\u5524\u5e08\u5ce1\u8c37","rank":"0","modified":1405049402,"season":"4","created":"2014-07-11 11:27:43"},{"id":"992","role_id":"87","map":"\u7ecf\u5178\u6a21\u5f0f-\u53ec\u5524\u5e08\u5ce1\u8c37","rank":"0","modified":1405049238,"season":"4","created":"2014-07-11 11:24:09"},{"id":"991","role_id":"68","map":"\u7ecf\u5178\u6a21\u5f0f-\u53ec\u5524\u5e08\u5ce1\u8c37","rank":"0","modified":1424054530,"season":"4","created":"2014-07-11 11:23:50"},{"id":"990","role_id":"98","map":"\u7ecf\u5178\u6a21\u5f0f-\u53ec\u5524\u5e08\u5ce1\u8c37","rank":"0","modified":1424053978,"season":"4","created":"2014-07-11 11:21:16"},{"id":"989","role_id":"68","map":"\u7ecf\u5178\u6a21\u5f0f-\u53ec\u5524\u5e08\u5ce1\u8c37","rank":"0","modified":1405053147,"season":"4","created":"2014-07-11 11:20:56"},{"id":"988","role_id":"96","map":"\u7ecf\u5178\u6a21\u5f0f-\u53ec\u5524\u5e08\u5ce1\u8c37","rank":"0","modified":1405048851,"season":"4","created":"2014-07-11 11:18:49"},{"id":"987","role_id":"97","map":"\u7ecf\u5178\u6a21\u5f0f-\u53ec\u5524\u5e08\u5ce1\u8c37","rank":"0","modified":1406168522,"season":"4","created":"2014-07-11 11:18:26"},{"id":"986","role_id":"92","map":"\u7ecf\u5178\u6a21\u5f0f-\u53ec\u5524\u5e08\u5ce1\u8c37","rank":"0","modified":1424054073,"season":"4","created":"2014-07-11 11:16:24"},{"id":"985","role_id":"74","map":"\u7ecf\u5178\u6a21\u5f0f-\u53ec\u5524\u5e08\u5ce1\u8c37","rank":"0","modified":1405050411,"season":"4","created":"2014-07-11 11:15:28"},{"id":"984","role_id":"89","map":"\u7ecf\u5178\u6a21\u5f0f-\u53ec\u5524\u5e08\u5ce1\u8c37","rank":"0","modified":1426597073,"season":"4","created":"2014-07-11 11:13:21"},{"id":"983","role_id":"87","map":"\u7ecf\u5178\u6a21\u5f0f-\u53ec\u5524\u5e08\u5ce1\u8c37","rank":"0","modified":1424054399,"season":"4","created":"2014-07-11 11:09:11"},{"id":"982","role_id":"69","map":"\u7ecf\u5178\u6a21\u5f0f-\u53ec\u5524\u5e08\u5ce1\u8c37","rank":"0","modified":1419409990,"season":"4","created":"2014-07-11 11:09:01"},{"id":"981","role_id":"80","map":"\u7ecf\u5178\u6a21\u5f0f-\u53ec\u5524\u5e08\u5ce1\u8c37","rank":"0","modified":1424054236,"season":"4","created":"2014-07-11 11:05:47"},{"id":"980","role_id":"64","map":"\u7ecf\u5178\u6a21\u5f0f-\u53ec\u5524\u5e08\u5ce1\u8c37","rank":"0","modified":1405050490,"season":"4","created":"2014-07-11 11:05:29"},{"id":"979","role_id":"80","map":"\u7ecf\u5178\u6a21\u5f0f-\u53ec\u5524\u5e08\u5ce1\u8c37","rank":"0","modified":1424054260,"season":"4","created":"2014-07-11 11:03:19"},{"id":"978","role_id":"110","map":"\u7ecf\u5178\u6a21\u5f0f-\u53ec\u5524\u5e08\u5ce1\u8c37","rank":"0","modified":1405050625,"season":"4","created":"2014-07-11 11:00:00"},{"id":"977","role_id":"70","map":"\u7ecf\u5178\u6a21\u5f0f-\u53ec\u5524\u5e08\u5ce1\u8c37","rank":"0","modified":1405047760,"season":"4","created":"2014-07-11 10:59:40"},{"id":"976","role_id":"111","map":"\u7ecf\u5178\u6a21\u5f0f-\u53ec\u5524\u5e08\u5ce1\u8c37","rank":"0","modified":1405050658,"season":"4","created":"2014-07-11 10:56:34"},{"id":"975","role_id":"70","map":"\u7ecf\u5178\u6a21\u5f0f-\u53ec\u5524\u5e08\u5ce1\u8c37","rank":"0","modified":1423107931,"season":"4","created":"2014-07-11 10:55:14"},{"id":"974","role_id":"44","map":"\u7ecf\u5178\u6a21\u5f0f-\u53ec\u5524\u5e08\u5ce1\u8c37","rank":"0","modified":1406168633,"season":"4","created":"2014-07-11 10:52:52"},{"id":"973","role_id":"67","map":"\u7ecf\u5178\u6a21\u5f0f-\u53ec\u5524\u5e08\u5ce1\u8c37","rank":"0","modified":1405047268,"season":"4","created":"2014-07-11 10:52:34"},{"id":"972","role_id":"53","map":"\u7ecf\u5178\u6a21\u5f0f-\u53ec\u5524\u5e08\u5ce1\u8c37","rank":"0","modified":1405050730,"season":"4","created":"2014-07-11 10:48:27"},{"id":"971","role_id":"65","map":"\u7ecf\u5178\u6a21\u5f0f-\u53ec\u5524\u5e08\u5ce1\u8c37","rank":"0","modified":1423107812,"season":"4","created":"2014-07-11 10:47:38"},{"id":"970","role_id":"26","map":"\u7ecf\u5178\u6a21\u5f0f-\u53ec\u5524\u5e08\u5ce1\u8c37","rank":"0","modified":1426578002,"season":"4","created":"2014-07-11 10:44:24"},{"id":"969","role_id":"65","map":"\u7ecf\u5178\u6a21\u5f0f-\u53ec\u5524\u5e08\u5ce1\u8c37","rank":"0","modified":1423107836,"season":"4","created":"2014-07-11 10:42:16"},{"id":"968","role_id":"15","map":"\u7ecf\u5178\u6a21\u5f0f-\u53ec\u5524\u5e08\u5ce1\u8c37","rank":"0","modified":1426576172,"season":"4","created":"2014-07-11 10:40:31"},{"id":"967","role_id":"58","map":"\u7ecf\u5178\u6a21\u5f0f-\u53ec\u5524\u5e08\u5ce1\u8c37","rank":"0","modified":1423106543,"season":"4","created":"2014-07-11 10:38:47"},{"id":"966","role_id":"13","map":"\u7ecf\u5178\u6a21\u5f0f-\u53ec\u5524\u5e08\u5ce1\u8c37","rank":"0","modified":1405050629,"season":"4","created":"2014-07-11 10:37:01"},{"id":"965","role_id":"35","map":"\u7ecf\u5178\u6a21\u5f0f-\u53ec\u5524\u5e08\u5ce1\u8c37","rank":"0","modified":1426605803,"season":"4","created":"2014-07-11 10:34:45"},{"id":"964","role_id":"1","map":"\u7ecf\u5178\u6a21\u5f0f-\u53ec\u5524\u5e08\u5ce1\u8c37","rank":"0","modified":1405050773,"season":"4","created":"2014-07-11 10:32:48"},{"id":"963","role_id":"35","map":"\u7ecf\u5178\u6a21\u5f0f-\u53ec\u5524\u5e08\u5ce1\u8c37","rank":"0","modified":1426605845,"season":"4","created":"2014-07-11 10:28:46"},{"id":"962","role_id":"1","map":"\u7ecf\u5178\u6a21\u5f0f-\u53ec\u5524\u5e08\u5ce1\u8c37","rank":"0","modified":1405045915,"season":"4","created":"2014-07-11 10:28:28"},{"id":"961","role_id":"108","map":"\u7ecf\u5178\u6a21\u5f0f-\u53ec\u5524\u5e08\u5ce1\u8c37","rank":"0","modified":1405045692,"season":"4","created":"2014-07-11 10:24:53"},{"id":"960","role_id":"108","map":"\u7ecf\u5178\u6a21\u5f0f-\u53ec\u5524\u5e08\u5ce1\u8c37","rank":"0","modified":1406168338,"season":"4","created":"2014-07-11 10:21:05"},{"id":"959","role_id":"116","map":"\u7ecf\u5178\u6a21\u5f0f-\u53ec\u5524\u5e08\u5ce1\u8c37","rank":"0","modified":1405045623,"season":"4","created":"2014-07-11 10:20:28"},{"id":"958","role_id":"115","map":"\u7ecf\u5178\u6a21\u5f0f-\u53ec\u5524\u5e08\u5ce1\u8c37","rank":"0","modified":1408844628,"season":"4","created":"2014-07-11 10:16:31"},{"id":"957","role_id":"46","map":"\u7ecf\u5178\u6a21\u5f0f-\u53ec\u5524\u5e08\u5ce1\u8c37","rank":"0","modified":1424053697,"season":"4","created":"2014-07-11 10:15:44"},{"id":"956","role_id":"46","map":"\u7ecf\u5178\u6a21\u5f0f-\u53ec\u5524\u5e08\u5ce1\u8c37","rank":"0","modified":1424053781,"season":"4","created":"2014-07-11 10:12:41"},{"id":"955","role_id":"101","map":"\u7ecf\u5178\u6a21\u5f0f-\u53ec\u5524\u5e08\u5ce1\u8c37","rank":"0","modified":1419833514,"season":"4","created":"2014-07-11 10:12:22"},{"id":"954","role_id":"43","map":"\u7ecf\u5178\u6a21\u5f0f-\u53ec\u5524\u5e08\u5ce1\u8c37","rank":"0","modified":1424053858,"season":"4","created":"2014-07-11 10:09:19"},{"id":"953","role_id":"101","map":"\u7ecf\u5178\u6a21\u5f0f-\u53ec\u5524\u5e08\u5ce1\u8c37","rank":"0","modified":1405044720,"season":"4","created":"2014-07-11 10:07:51"},{"id":"952","role_id":"39","map":"\u7ecf\u5178\u6a21\u5f0f-\u53ec\u5524\u5e08\u5ce1\u8c37","rank":"0","modified":1424053936,"season":"4","created":"2014-07-11 10:06:01"},{"id":"951","role_id":"38","map":"\u7ecf\u5178\u6a21\u5f0f-\u53ec\u5524\u5e08\u5ce1\u8c37","rank":"0","modified":1405044337,"season":"4","created":"2014-07-11 10:03:21"},{"id":"950","role_id":"91","map":"\u7ecf\u5178\u6a21\u5f0f-\u53ec\u5524\u5e08\u5ce1\u8c37","rank":"0","modified":1405044404,"season":"4","created":"2014-07-11 10:03:13"},{"id":"949","role_id":"38","map":"\u7ecf\u5178\u6a21\u5f0f-\u53ec\u5524\u5e08\u5ce1\u8c37","rank":"0","modified":1405044177,"season":"4","created":"2014-07-11 10:00:22"},{"id":"948","role_id":"91","map":"\u7ecf\u5178\u6a21\u5f0f-\u53ec\u5524\u5e08\u5ce1\u8c37","rank":"0","modified":1405044152,"season":"4","created":"2014-07-11 09:58:23"},{"id":"947","role_id":"54","map":"\u7ecf\u5178\u6a21\u5f0f-\u53ec\u5524\u5e08\u5ce1\u8c37","rank":"0","modified":1427111780,"season":"4","created":"2014-07-11 09:57:17"},{"id":"946","role_id":"51","map":"\u7ecf\u5178\u6a21\u5f0f-\u53ec\u5524\u5e08\u5ce1\u8c37","rank":"0","modified":1424053669,"season":"4","created":"2014-07-11 09:54:52"},{"id":"945","role_id":"93","map":"\u7ecf\u5178\u6a21\u5f0f-\u53ec\u5524\u5e08\u5ce1\u8c37","rank":"0","modified":1405043862,"season":"4","created":"2014-07-11 09:54:32"},{"id":"944","role_id":"93","map":"\u7ecf\u5178\u6a21\u5f0f-\u53ec\u5524\u5e08\u5ce1\u8c37","rank":"0","modified":1405051084,"season":"4","created":"2014-07-11 09:50:27"},{"id":"943","role_id":"28","map":"\u7ecf\u5178\u6a21\u5f0f-\u53ec\u5524\u5e08\u5ce1\u8c37","rank":"0","modified":1405043632,"season":"4","created":"2014-07-11 09:50:21"},{"id":"942","role_id":"23","map":"\u7ecf\u5178\u6a21\u5f0f-\u53ec\u5524\u5e08\u5ce1\u8c37","rank":"0","modified":1423106404,"season":"4","created":"2014-07-11 09:47:30"},{"id":"941","role_id":"100","map":"\u7ecf\u5178\u6a21\u5f0f-\u53ec\u5524\u5e08\u5ce1\u8c37","rank":"0","modified":1405043378,"season":"4","created":"2014-07-11 09:46:48"},{"id":"940","role_id":"22","map":"\u7ecf\u5178\u6a21\u5f0f-\u53ec\u5524\u5e08\u5ce1\u8c37","rank":"0","modified":1405043219,"season":"4","created":"2014-07-11 09:42:08"},{"id":"939","role_id":"100","map":"\u7ecf\u5178\u6a21\u5f0f-\u53ec\u5524\u5e08\u5ce1\u8c37","rank":"0","modified":1405043170,"season":"4","created":"2014-07-11 09:41:28"},{"id":"938","role_id":"49","map":"\u7ecf\u5178\u6a21\u5f0f-\u53ec\u5524\u5e08\u5ce1\u8c37","rank":"0","modified":1406168451,"season":"4","created":"2014-07-11 09:36:09"},{"id":"937","role_id":"20","map":"\u7ecf\u5178\u6a21\u5f0f-\u53ec\u5524\u5e08\u5ce1\u8c37","rank":"0","modified":1424053422,"season":"4","created":"2014-07-11 09:28:21"},{"id":"936","role_id":"88","map":"\u7ecf\u5178\u6a21\u5f0f-\u53ec\u5524\u5e08\u5ce1\u8c37","rank":"0","modified":1405042511,"season":"4","created":"2014-07-11 09:27:42"},{"id":"935","role_id":"88","map":"\u7ecf\u5178\u6a21\u5f0f-\u53ec\u5524\u5e08\u5ce1\u8c37","rank":"0","modified":1405053031,"season":"4","created":"2014-07-11 09:23:44"},{"id":"934","role_id":"11","map":"\u7ecf\u5178\u6a21\u5f0f-\u53ec\u5524\u5e08\u5ce1\u8c37","rank":"0","modified":1424053353,"season":"4","created":"2014-07-11 09:22:40"},{"id":"933","role_id":"73","map":"\u7ecf\u5178\u6a21\u5f0f-\u53ec\u5524\u5e08\u5ce1\u8c37","rank":"0","modified":1406170379,"season":"4","created":"2014-07-11 09:19:59"},{"id":"932","role_id":"73","map":"\u7ecf\u5178\u6a21\u5f0f-\u53ec\u5524\u5e08\u5ce1\u8c37","rank":"0","modified":1405304429,"season":"4","created":"2014-07-11 09:15:08"},{"id":"931","role_id":"11","map":"\u7ecf\u5178\u6a21\u5f0f-\u53ec\u5524\u5e08\u5ce1\u8c37","rank":"0","modified":1424053382,"season":"4","created":"2014-07-11 09:14:05"},{"id":"930","role_id":"8","map":"\u7ecf\u5178\u6a21\u5f0f-\u53ec\u5524\u5e08\u5ce1\u8c37","rank":"0","modified":1427111931,"season":"4","created":"2014-07-11 09:09:18"},{"id":"929","role_id":"82","map":"\u7ecf\u5178\u6a21\u5f0f-\u53ec\u5524\u5e08\u5ce1\u8c37","rank":"0","modified":1419839741,"season":"4","created":"2014-07-11 00:15:05"},{"id":"928","role_id":"82","map":"\u7ecf\u5178\u6a21\u5f0f-\u53ec\u5524\u5e08\u5ce1\u8c37","rank":"0","modified":1405008874,"season":"4","created":"2014-07-11 00:11:58"},{"id":"927","role_id":"36","map":"\u7ecf\u5178\u6a21\u5f0f-\u53ec\u5524\u5e08\u5ce1\u8c37","rank":"0","modified":1405008626,"season":"4","created":"2014-07-11 00:06:37"},{"id":"926","role_id":"40","map":"\u7ecf\u5178\u6a21\u5f0f-\u53ec\u5524\u5e08\u5ce1\u8c37","rank":"0","modified":1405303623,"season":"4","created":"2014-07-11 00:02:08"},{"id":"925","role_id":"30","map":"\u7ecf\u5178\u6a21\u5f0f-\u53ec\u5524\u5e08\u5ce1\u8c37","rank":"0","modified":1405053751,"season":"4","created":"2014-07-10 23:58:18"},{"id":"924","role_id":"30","map":"\u7ecf\u5178\u6a21\u5f0f-\u53ec\u5524\u5e08\u5ce1\u8c37","rank":"0","modified":1405053671,"season":"4","created":"2014-07-10 23:54:43"},{"id":"923","role_id":"6","map":"\u7ecf\u5178\u6a21\u5f0f-\u53ec\u5524\u5e08\u5ce1\u8c37","rank":"0","modified":1405005300,"season":"4","created":"2014-07-10 23:12:20"},{"id":"922","role_id":"6","map":"\u7ecf\u5178\u6a21\u5f0f-\u53ec\u5524\u5e08\u5ce1\u8c37","rank":"0","modified":1405005116,"season":"4","created":"2014-07-10 23:07:33"},{"id":"921","role_id":"25","map":"\u7ecf\u5178\u6a21\u5f0f-\u53ec\u5524\u5e08\u5ce1\u8c37","rank":"0","modified":1405005166,"season":"4","created":"2014-07-10 23:07:25"},{"id":"920","role_id":"25","map":"\u7ecf\u5178\u6a21\u5f0f-\u53ec\u5524\u5e08\u5ce1\u8c37","rank":"0","modified":1405004809,"season":"4","created":"2014-07-10 23:03:42"},{"id":"919","role_id":"6","map":"\u7ecf\u5178\u6a21\u5f0f-\u53ec\u5524\u5e08\u5ce1\u8c37","rank":"0","modified":1406170559,"season":"4","created":"2014-07-10 23:00:24"},{"id":"917","role_id":"113","map":"\u7ecf\u5178\u6a21\u5f0f-\u53ec\u5524\u5e08\u5ce1\u8c37","rank":"0","modified":1405004358,"season":"4","created":"2014-07-10 22:49:51"},{"id":"916","role_id":"113","map":"\u7ecf\u5178\u6a21\u5f0f-\u53ec\u5524\u5e08\u5ce1\u8c37","rank":"0","modified":1405004370,"season":"4","created":"2014-07-10 22:43:06"},{"id":"915","role_id":"118","map":"\u7ecf\u5178\u6a21\u5f0f-\u53ec\u5524\u5e08\u5ce1\u8c37","rank":"0","modified":1424053016,"season":"4","created":"2014-07-10 22:30:18"},{"id":"914","role_id":"118","map":"\u7ecf\u5178\u6a21\u5f0f-\u53ec\u5524\u5e08\u5ce1\u8c37","rank":"0","modified":1424053086,"season":"4","created":"2014-07-10 22:23:53"},{"id":"913","role_id":"9","map":"\u7ecf\u5178\u6a21\u5f0f-\u53ec\u5524\u5e08\u5ce1\u8c37","rank":"0","modified":1405304230,"season":"4","created":"2014-07-10 22:04:33"},{"id":"912","role_id":"7","map":"\u7ecf\u5178\u6a21\u5f0f-\u53ec\u5524\u5e08\u5ce1\u8c37","rank":"0","modified":1405053838,"season":"4","created":"2014-07-10 21:57:57"},{"id":"911","role_id":"7","map":"\u7ecf\u5178\u6a21\u5f0f-\u53ec\u5524\u5e08\u5ce1\u8c37","rank":"0","modified":1406170668,"season":"4","created":"2014-07-10 21:52:36"},{"id":"910","role_id":"5","map":"\u7ecf\u5178\u6a21\u5f0f-\u53ec\u5524\u5e08\u5ce1\u8c37","rank":"0","modified":1405305126,"season":"4","created":"2014-07-10 21:48:19"},{"id":"909","role_id":"5","map":"\u7ecf\u5178\u6a21\u5f0f-\u53ec\u5524\u5e08\u5ce1\u8c37","rank":"0","modified":1405305317,"season":"4","created":"2014-07-10 21:43:14"},{"id":"908","role_id":"84","map":"\u7ecf\u5178\u6a21\u5f0f-\u53ec\u5524\u5e08\u5ce1\u8c37","rank":"0","modified":1426593143,"season":"4","created":"2014-07-10 21:38:42"},{"id":"907","role_id":"84","map":"\u7ecf\u5178\u6a21\u5f0f-\u53ec\u5524\u5e08\u5ce1\u8c37","rank":"0","modified":1404999480,"season":"4","created":"2014-07-10 21:34:05"},{"id":"906","role_id":"4","map":"\u7ecf\u5178\u6a21\u5f0f-\u53ec\u5524\u5e08\u5ce1\u8c37","rank":"0","modified":1424055058,"season":"4","created":"2014-07-10 21:28:21"},{"id":"905","role_id":"14","map":"\u7ecf\u5178\u6a21\u5f0f-\u53ec\u5524\u5e08\u5ce1\u8c37","rank":"0","modified":1404995402,"season":"4","created":"2014-07-10 20:27:19"},{"id":"904","role_id":"12","map":"\u7ecf\u5178\u6a21\u5f0f-\u53ec\u5524\u5e08\u5ce1\u8c37","rank":"0","modified":1426575586,"season":"4","created":"2014-07-10 20:21:51"},{"id":"903","role_id":"10","map":"\u7ecf\u5178\u6a21\u5f0f-\u53ec\u5524\u5e08\u5ce1\u8c37","rank":"0","modified":1406170700,"season":"4","created":"2014-07-10 20:17:05"},{"id":"902","role_id":"10","map":"\u7ecf\u5178\u6a21\u5f0f-\u53ec\u5524\u5e08\u5ce1\u8c37","rank":"0","modified":1404995178,"season":"4","created":"2014-07-10 20:12:59"},{"id":"901","role_id":"3","map":"\u7ecf\u5178\u6a21\u5f0f-\u53ec\u5524\u5e08\u5ce1\u8c37","rank":"0","modified":1404994341,"season":"4","created":"2014-07-10 20:04:59"},{"id":"900","role_id":"3","map":"\u7ecf\u5178\u6a21\u5f0f-\u53ec\u5524\u5e08\u5ce1\u8c37","rank":"0","modified":1406170418,"season":"4","created":"2014-07-10 19:55:41"},{"id":"899","role_id":"114","map":"\u7ecf\u5178\u6a21\u5f0f-\u53ec\u5524\u5e08\u5ce1\u8c37","rank":"0","modified":1406171063,"season":"4","created":"2014-07-10 19:51:56"},{"id":"898","role_id":"114","map":"\u7ecf\u5178\u6a21\u5f0f-\u53ec\u5524\u5e08\u5ce1\u8c37","rank":"0","modified":1404993098,"season":"4","created":"2014-07-10 19:43:44"},{"id":"897","role_id":"117","map":"\u7ecf\u5178\u6a21\u5f0f-\u53ec\u5524\u5e08\u5ce1\u8c37","rank":"0","modified":1404992562,"season":"4","created":"2014-07-10 19:34:13"},{"id":"896","role_id":"4","map":"\u7ecf\u5178\u6a21\u5f0f-\u53ec\u5524\u5e08\u5ce1\u8c37","rank":"0","modified":1424054832,"season":"4","created":"2014-07-10 15:00:40"},{"id":"895","role_id":"85","map":"\u7ecf\u5178\u6a21\u5f0f-\u53ec\u5524\u5e08\u5ce1\u8c37","rank":"0","modified":1404975523,"season":"4","created":"2014-07-10 14:53:57"},{"id":"894","role_id":"103","map":"\u7ecf\u5178\u6a21\u5f0f-\u53ec\u5524\u5e08\u5ce1\u8c37","rank":"0","modified":1406170916,"season":"4","created":"2014-07-10 14:53:34"},{"id":"893","role_id":"85","map":"\u7ecf\u5178\u6a21\u5f0f-\u53ec\u5524\u5e08\u5ce1\u8c37","rank":"0","modified":1404975168,"season":"4","created":"2014-07-10 14:49:08"},{"id":"892","role_id":"103","map":"\u7ecf\u5178\u6a21\u5f0f-\u53ec\u5524\u5e08\u5ce1\u8c37","rank":"0","modified":1404975169,"season":"4","created":"2014-07-10 14:47:31"},{"id":"891","role_id":"37","map":"\u7ecf\u5178\u6a21\u5f0f-\u53ec\u5524\u5e08\u5ce1\u8c37","rank":"0","modified":1404974905,"season":"4","created":"2014-07-10 14:44:26"},{"id":"890","role_id":"107","map":"\u7ecf\u5178\u6a21\u5f0f-\u53ec\u5524\u5e08\u5ce1\u8c37","rank":"0","modified":1404974619,"season":"4","created":"2014-07-10 14:40:43"},{"id":"889","role_id":"107","map":"\u7ecf\u5178\u6a21\u5f0f-\u53ec\u5524\u5e08\u5ce1\u8c37","rank":"0","modified":1404974419,"season":"4","created":"2014-07-10 14:37:49"},{"id":"888","role_id":"37","map":"\u7ecf\u5178\u6a21\u5f0f-\u53ec\u5524\u5e08\u5ce1\u8c37","rank":"0","modified":1424055127,"season":"4","created":"2014-07-10 14:36:42"},{"id":"887","role_id":"107","map":"\u7ecf\u5178\u6a21\u5f0f-\u53ec\u5524\u5e08\u5ce1\u8c37","rank":"0","modified":1404974174,"season":"4","created":"2014-07-10 14:32:34"},{"id":"886","role_id":"86","map":"\u7ecf\u5178\u6a21\u5f0f-\u53ec\u5524\u5e08\u5ce1\u8c37","rank":"0","modified":1426597717,"season":"4","created":"2014-07-10 14:27:23"},{"id":"885","role_id":"66","map":"\u7ecf\u5178\u6a21\u5f0f-\u53ec\u5524\u5e08\u5ce1\u8c37","rank":"0","modified":1404973861,"season":"4","created":"2014-07-10 14:23:15"},{"id":"884","role_id":"86","map":"\u7ecf\u5178\u6a21\u5f0f-\u53ec\u5524\u5e08\u5ce1\u8c37","rank":"0","modified":1404973562,"season":"4","created":"2014-07-10 14:21:10"},{"id":"883","role_id":"83","map":"\u7ecf\u5178\u6a21\u5f0f-\u53ec\u5524\u5e08\u5ce1\u8c37","rank":"0","modified":1404973304,"season":"4","created":"2014-07-10 14:15:40"},{"id":"882","role_id":"83","map":"\u7ecf\u5178\u6a21\u5f0f-\u53ec\u5524\u5e08\u5ce1\u8c37","rank":"0","modified":1423108073,"season":"4","created":"2014-07-10 14:06:40"},{"id":"881","role_id":"61","map":"\u7ecf\u5178\u6a21\u5f0f-\u53ec\u5524\u5e08\u5ce1\u8c37","rank":"0","modified":1406170724,"season":"4","created":"2014-07-10 13:57:32"},{"id":"880","role_id":"56","map":"\u7ecf\u5178\u6a21\u5f0f-\u53ec\u5524\u5e08\u5ce1\u8c37","rank":"0","modified":1404964080,"season":"4","created":"2014-07-10 11:44:11"},{"id":"879","role_id":"61","map":"\u7ecf\u5178\u6a21\u5f0f-\u53ec\u5524\u5e08\u5ce1\u8c37","rank":"0","modified":1404964161,"season":"4","created":"2014-07-10 11:43:05"},{"id":"878","role_id":"56","map":"\u7ecf\u5178\u6a21\u5f0f-\u53ec\u5524\u5e08\u5ce1\u8c37","rank":"0","modified":1404963815,"season":"4","created":"2014-07-10 11:40:18"},{"id":"877","role_id":"62","map":"\u7ecf\u5178\u6a21\u5f0f-\u53ec\u5524\u5e08\u5ce1\u8c37","rank":"0","modified":1404963711,"season":"4","created":"2014-07-10 11:39:20"},{"id":"876","role_id":"77","map":"\u7ecf\u5178\u6a21\u5f0f-\u53ec\u5524\u5e08\u5ce1\u8c37","rank":"0","modified":1426605691,"season":"4","created":"2014-07-10 11:35:45"},{"id":"875","role_id":"62","map":"\u7ecf\u5178\u6a21\u5f0f-\u53ec\u5524\u5e08\u5ce1\u8c37","rank":"0","modified":1404963486,"season":"4","created":"2014-07-10 11:33:45"},{"id":"874","role_id":"77","map":"\u7ecf\u5178\u6a21\u5f0f-\u53ec\u5524\u5e08\u5ce1\u8c37","rank":"0","modified":1404963297,"season":"4","created":"2014-07-10 11:30:24"},{"id":"873","role_id":"78","map":"\u7ecf\u5178\u6a21\u5f0f-\u53ec\u5524\u5e08\u5ce1\u8c37","rank":"0","modified":1404963060,"season":"4","created":"2014-07-10 11:27:27"},{"id":"872","role_id":"109","map":"\u7ecf\u5178\u6a21\u5f0f-\u53ec\u5524\u5e08\u5ce1\u8c37","rank":"0","modified":1426610327,"season":"4","created":"2014-07-10 11:26:09"},{"id":"871","role_id":"109","map":"\u7ecf\u5178\u6a21\u5f0f-\u53ec\u5524\u5e08\u5ce1\u8c37","rank":"0","modified":1426610369,"season":"4","created":"2014-07-10 11:20:32"},{"id":"870","role_id":"78","map":"\u7ecf\u5178\u6a21\u5f0f-\u53ec\u5524\u5e08\u5ce1\u8c37","rank":"0","modified":1404962787,"season":"4","created":"2014-07-10 11:19:07"},{"id":"869","role_id":"21","map":"\u7ecf\u5178\u6a21\u5f0f-\u53ec\u5524\u5e08\u5ce1\u8c37","rank":"0","modified":1404962340,"season":"4","created":"2014-07-10 11:12:31"},{"id":"868","role_id":"94","map":"\u7ecf\u5178\u6a21\u5f0f-\u53ec\u5524\u5e08\u5ce1\u8c37","rank":"0","modified":1404961975,"season":"4","created":"2014-07-10 11:05:46"},{"id":"867","role_id":"94","map":"\u7ecf\u5178\u6a21\u5f0f-\u53ec\u5524\u5e08\u5ce1\u8c37","rank":"0","modified":1404961502,"season":"4","created":"2014-07-10 10:48:39"},{"id":"866","role_id":"105","map":"\u7ecf\u5178\u6a21\u5f0f-\u53ec\u5524\u5e08\u5ce1\u8c37","rank":"0","modified":1404960412,"season":"4","created":"2014-07-10 10:41:58"},{"id":"865","role_id":"105","map":"\u7ecf\u5178\u6a21\u5f0f-\u53ec\u5524\u5e08\u5ce1\u8c37","rank":"0","modified":1404960097,"season":"4","created":"2014-07-10 10:31:52"},{"id":"864","role_id":"104","map":"\u7ecf\u5178\u6a21\u5f0f-\u53ec\u5524\u5e08\u5ce1\u8c37","rank":"0","modified":1404959424,"season":"4","created":"2014-07-10 10:28:04"},{"id":"863","role_id":"104","map":"\u7ecf\u5178\u6a21\u5f0f-\u53ec\u5524\u5e08\u5ce1\u8c37","rank":"0","modified":1419991353,"season":"4","created":"2014-07-10 10:24:23"},{"id":"862","role_id":"104","map":"\u7ecf\u5178\u6a21\u5f0f-\u53ec\u5524\u5e08\u5ce1\u8c37","rank":"0","modified":1404959028,"season":"4","created":"2014-07-10 10:17:47"},{"id":"861","role_id":"99","map":"\u7ecf\u5178\u6a21\u5f0f-\u53ec\u5524\u5e08\u5ce1\u8c37","rank":"0","modified":1404958598,"season":"4","created":"2014-07-10 10:10:29"},{"id":"860","role_id":"99","map":"\u7ecf\u5178\u6a21\u5f0f-\u53ec\u5524\u5e08\u5ce1\u8c37","rank":"0","modified":1404958206,"season":"4","created":"2014-07-10 10:00:37"},{"id":"859","role_id":"95","map":"\u7ecf\u5178\u6a21\u5f0f-\u53ec\u5524\u5e08\u5ce1\u8c37","rank":"0","modified":1404957570,"season":"4","created":"2014-07-10 09:49:54"},{"id":"858","role_id":"95","map":"\u7ecf\u5178\u6a21\u5f0f-\u53ec\u5524\u5e08\u5ce1\u8c37","rank":"0","modified":1404900425,"season":"4","created":"2014-07-09 18:01:14"},{"id":"857","role_id":"21","map":"\u7ecf\u5178\u6a21\u5f0f-\u53ec\u5524\u5e08\u5ce1\u8c37","rank":"0","modified":1404900279,"season":"4","created":"2014-07-09 18:00:36"},{"id":"856","role_id":"41","map":"\u7ecf\u5178\u6a21\u5f0f-\u53ec\u5524\u5e08\u5ce1\u8c37","rank":"0","modified":1404900015,"season":"4","created":"2014-07-09 17:55:32"},{"id":"855","role_id":"41","map":"\u7ecf\u5178\u6a21\u5f0f-\u53ec\u5524\u5e08\u5ce1\u8c37","rank":"0","modified":1404899706,"season":"4","created":"2014-07-09 17:52:12"},{"id":"854","role_id":"19","map":"\u7ecf\u5178\u6a21\u5f0f-\u53ec\u5524\u5e08\u5ce1\u8c37","rank":"0","modified":1404899596,"season":"4","created":"2014-07-09 17:47:57"},{"id":"853","role_id":"42","map":"\u7ecf\u5178\u6a21\u5f0f-\u53ec\u5524\u5e08\u5ce1\u8c37","rank":"0","modified":1404899492,"season":"4","created":"2014-07-09 17:46:31"},{"id":"852","role_id":"42","map":"\u7ecf\u5178\u6a21\u5f0f-\u53ec\u5524\u5e08\u5ce1\u8c37","rank":"0","modified":1404899158,"season":"4","created":"2014-07-09 17:40:46"},{"id":"851","role_id":"45","map":"\u7ecf\u5178\u6a21\u5f0f-\u53ec\u5524\u5e08\u5ce1\u8c37","rank":"0","modified":1404898751,"season":"4","created":"2014-07-09 17:36:26"},{"id":"850","role_id":"19","map":"\u7ecf\u5178\u6a21\u5f0f-\u53ec\u5524\u5e08\u5ce1\u8c37","rank":"0","modified":1406170892,"season":"4","created":"2014-07-09 17:36:09"},{"id":"849","role_id":"45","map":"\u7ecf\u5178\u6a21\u5f0f-\u53ec\u5524\u5e08\u5ce1\u8c37","rank":"0","modified":1404898560,"season":"4","created":"2014-07-09 17:32:53"},{"id":"848","role_id":"47","map":"\u7ecf\u5178\u6a21\u5f0f-\u53ec\u5524\u5e08\u5ce1\u8c37","rank":"0","modified":1426583070,"season":"4","created":"2014-07-09 17:31:44"},{"id":"847","role_id":"47","map":"\u7ecf\u5178\u6a21\u5f0f-\u53ec\u5524\u5e08\u5ce1\u8c37","rank":"0","modified":1404898265,"season":"4","created":"2014-07-09 17:28:07"},{"id":"846","role_id":"50","map":"\u7ecf\u5178\u6a21\u5f0f-\u53ec\u5524\u5e08\u5ce1\u8c37","rank":"0","modified":1404898298,"season":"4","created":"2014-07-09 17:28:06"},{"id":"845","role_id":"106","map":"\u7ecf\u5178\u6a21\u5f0f-\u53ec\u5524\u5e08\u5ce1\u8c37","rank":"0","modified":1404898025,"season":"4","created":"2014-07-09 17:24:14"},{"id":"844","role_id":"50","map":"\u7ecf\u5178\u6a21\u5f0f-\u53ec\u5524\u5e08\u5ce1\u8c37","rank":"0","modified":1404898058,"season":"4","created":"2014-07-09 17:21:42"},{"id":"843","role_id":"106","map":"\u7ecf\u5178\u6a21\u5f0f-\u53ec\u5524\u5e08\u5ce1\u8c37","rank":"0","modified":1404897783,"season":"4","created":"2014-07-09 17:19:09"},{"id":"842","role_id":"55","map":"\u7ecf\u5178\u6a21\u5f0f-\u53ec\u5524\u5e08\u5ce1\u8c37","rank":"0","modified":1406170956,"season":"4","created":"2014-07-09 17:15:25"},{"id":"841","role_id":"52","map":"\u7ecf\u5178\u6a21\u5f0f-\u53ec\u5524\u5e08\u5ce1\u8c37","rank":"0","modified":1404897618,"season":"4","created":"2014-07-09 17:11:43"},{"id":"840","role_id":"55","map":"\u7ecf\u5178\u6a21\u5f0f-\u53ec\u5524\u5e08\u5ce1\u8c37","rank":"0","modified":1404897289,"season":"4","created":"2014-07-09 17:11:41"},{"id":"839","role_id":"75","map":"\u7ecf\u5178\u6a21\u5f0f-\u53ec\u5524\u5e08\u5ce1\u8c37","rank":"0","modified":1404897063,"season":"4","created":"2014-07-09 17:07:51"},{"id":"838","role_id":"34","map":"\u7ecf\u5178\u6a21\u5f0f-\u53ec\u5524\u5e08\u5ce1\u8c37","rank":"0","modified":1404897061,"season":"4","created":"2014-07-09 16:58:29"},{"id":"837","role_id":"75","map":"\u7ecf\u5178\u6a21\u5f0f-\u53ec\u5524\u5e08\u5ce1\u8c37","rank":"0","modified":1404896818,"season":"4","created":"2014-07-09 16:58:01"},{"id":"836","role_id":"59","map":"\u6781\u5730\u5927\u4e71\u6597-\u568e\u54ed\u6df1\u6e0a","rank":"0","modified":1404896240,"season":"4","created":"2014-07-09 16:52:30"},{"id":"835","role_id":"32","map":"\u7ecf\u5178\u6a21\u5f0f-\u53ec\u5524\u5e08\u5ce1\u8c37","rank":"0","modified":1404896245,"season":"4","created":"2014-07-09 16:52:28"},{"id":"834","role_id":"59","map":"\u7ecf\u5178\u6a21\u5f0f-\u53ec\u5524\u5e08\u5ce1\u8c37","rank":"0","modified":1404895898,"season":"4","created":"2014-07-09 16:47:01"},{"id":"833","role_id":"32","map":"\u7ecf\u5178\u6a21\u5f0f-\u53ec\u5524\u5e08\u5ce1\u8c37","rank":"0","modified":1404895842,"season":"4","created":"2014-07-09 16:45:54"},{"id":"832","role_id":"76","map":"\u7ecf\u5178\u6a21\u5f0f-\u53ec\u5524\u5e08\u5ce1\u8c37","rank":"0","modified":1426592743,"season":"4","created":"2014-07-09 16:42:05"},{"id":"831","role_id":"76","map":"\u7ecf\u5178\u6a21\u5f0f-\u53ec\u5524\u5e08\u5ce1\u8c37","rank":"0","modified":1404895275,"season":"4","created":"2014-07-09 16:35:53"},{"id":"830","role_id":"112","map":"\u7ecf\u5178\u6a21\u5f0f-\u53ec\u5524\u5e08\u5ce1\u8c37","rank":"0","modified":1404894919,"season":"4","created":"2014-07-09 16:32:19"},{"id":"829","role_id":"31","map":"\u7ecf\u5178\u6a21\u5f0f-\u53ec\u5524\u5e08\u5ce1\u8c37","rank":"0","modified":1404895396,"season":"4","created":"2014-07-09 16:28:47"},{"id":"828","role_id":"112","map":"\u7ecf\u5178\u6a21\u5f0f-\u53ec\u5524\u5e08\u5ce1\u8c37","rank":"0","modified":1404894550,"season":"4","created":"2014-07-09 16:24:20"},{"id":"827","role_id":"48","map":"\u7ecf\u5178\u6a21\u5f0f-\u53ec\u5524\u5e08\u5ce1\u8c37","rank":"0","modified":1404894191,"season":"4","created":"2014-07-09 16:20:07"},{"id":"826","role_id":"29","map":"\u7ecf\u5178\u6a21\u5f0f-\u53ec\u5524\u5e08\u5ce1\u8c37","rank":"0","modified":1426578115,"season":"4","created":"2014-07-09 16:18:35"},{"id":"825","role_id":"48","map":"\u7ecf\u5178\u6a21\u5f0f-\u53ec\u5524\u5e08\u5ce1\u8c37","rank":"0","modified":1404893973,"season":"4","created":"2014-07-09 16:15:52"},{"id":"824","role_id":"33","map":"\u7ecf\u5178\u6a21\u5f0f-\u53ec\u5524\u5e08\u5ce1\u8c37","rank":"0","modified":1404893703,"season":"4","created":"2014-07-09 16:11:28"},{"id":"823","role_id":"27","map":"\u7ecf\u5178\u6a21\u5f0f-\u53ec\u5524\u5e08\u5ce1\u8c37","rank":"0","modified":1406802597,"season":"4","created":"2014-07-09 16:11:08"},{"id":"822","role_id":"33","map":"\u7ecf\u5178\u6a21\u5f0f-\u53ec\u5524\u5e08\u5ce1\u8c37","rank":"0","modified":1405054572,"season":"4","created":"2014-07-09 16:06:58"},{"id":"821","role_id":"57","map":"\u7ecf\u5178\u6a21\u5f0f-\u53ec\u5524\u5e08\u5ce1\u8c37","rank":"0","modified":1404893178,"season":"4","created":"2014-07-09 16:01:59"},{"id":"820","role_id":"27","map":"\u7ecf\u5178\u6a21\u5f0f-\u53ec\u5524\u5e08\u5ce1\u8c37","rank":"0","modified":1404893435,"season":"4","created":"2014-07-09 15:58:54"},{"id":"819","role_id":"57","map":"\u7ecf\u5178\u6a21\u5f0f-\u53ec\u5524\u5e08\u5ce1\u8c37","rank":"0","modified":1404892872,"season":"4","created":"2014-07-09 15:57:17"},{"id":"818","role_id":"24","map":"\u7ecf\u5178\u6a21\u5f0f-\u53ec\u5524\u5e08\u5ce1\u8c37","rank":"0","modified":1404892660,"season":"4","created":"2014-07-09 15:53:01"},{"id":"817","role_id":"63","map":"\u7ecf\u5178\u6a21\u5f0f-\u53ec\u5524\u5e08\u5ce1\u8c37","rank":"0","modified":1423106709,"season":"4","created":"2014-07-09 15:51:06"},{"id":"816","role_id":"63","map":"\u7ecf\u5178\u6a21\u5f0f-\u53ec\u5524\u5e08\u5ce1\u8c37","rank":"0","modified":1404892225,"season":"4","created":"2014-07-09 15:43:46"},{"id":"815","role_id":"24","map":"\u7ecf\u5178\u6a21\u5f0f-\u53ec\u5524\u5e08\u5ce1\u8c37","rank":"0","modified":1404892274,"season":"4","created":"2014-07-09 15:41:39"},{"id":"814","role_id":"81","map":"\u7ecf\u5178\u6a21\u5f0f-\u53ec\u5524\u5e08\u5ce1\u8c37","rank":"0","modified":1404891670,"season":"4","created":"2014-07-09 15:34:34"},{"id":"813","role_id":"18","map":"\u7ecf\u5178\u6a21\u5f0f-\u53ec\u5524\u5e08\u5ce1\u8c37","rank":"0","modified":1406000384,"season":"4","created":"2014-07-09 15:28:38"},{"id":"812","role_id":"81","map":"\u7ecf\u5178\u6a21\u5f0f-\u53ec\u5524\u5e08\u5ce1\u8c37","rank":"0","modified":1404890985,"season":"4","created":"2014-07-09 15:21:24"},{"id":"811","role_id":"16","map":"\u7ecf\u5178\u6a21\u5f0f-\u53ec\u5524\u5e08\u5ce1\u8c37","rank":"0","modified":1404890783,"season":"4","created":"2014-07-09 15:19:12"},{"id":"810","role_id":"2","map":"\u7ecf\u5178\u6a21\u5f0f-\u53ec\u5524\u5e08\u5ce1\u8c37","rank":"0","modified":1404890429,"season":"4","created":"2014-07-09 15:16:05"},{"id":"809","role_id":"14","map":"\u7ecf\u5178\u6a21\u5f0f-\u53ec\u5524\u5e08\u5ce1\u8c37","rank":"0","modified":1404995209,"season":"4","created":"2014-07-09 15:11:31"},{"id":"808","role_id":"17","map":"\u7ecf\u5178\u6a21\u5f0f-\u53ec\u5524\u5e08\u5ce1\u8c37","rank":"0","modified":1424054631,"season":"4","created":"2014-07-09 15:09:04"},{"id":"807","role_id":"17","map":"\u7ecf\u5178\u6a21\u5f0f-\u53ec\u5524\u5e08\u5ce1\u8c37","rank":"0","modified":1424054660,"season":"4","created":"2014-07-09 15:04:29"},{"id":"806","role_id":"2","map":"\u7ecf\u5178\u6a21\u5f0f-\u53ec\u5524\u5e08\u5ce1\u8c37","rank":"0","modified":1405051225,"season":"4","created":"2014-07-09 14:57:31"},{"id":"805","role_id":"19","map":"\u7ecf\u5178\u6a21\u5f0f-\u53ec\u5524\u5e08\u5ce1\u8c37","rank":"0","modified":1405305242,"season":"4","created":"2014-07-09 13:15:28"},{"id":"804","role_id":"73","map":"\u7ecf\u5178\u6a21\u5f0f-\u53ec\u5524\u5e08\u5ce1\u8c37","rank":"0","modified":1406168898,"season":"4","created":"2014-07-09 11:35:06"},{"id":"803","role_id":"14","map":"\u7ecf\u5178\u6a21\u5f0f-\u53ec\u5524\u5e08\u5ce1\u8c37","rank":"0","modified":1406168912,"season":"4","created":"2014-07-09 11:29:49"},{"id":"802","role_id":"41","map":"\u7ecf\u5178\u6a21\u5f0f-\u53ec\u5524\u5e08\u5ce1\u8c37","rank":"0","modified":1406168950,"season":"4","created":"2014-07-09 11:24:16"},{"id":"801","role_id":"91","map":"\u7ecf\u5178\u6a21\u5f0f-\u53ec\u5524\u5e08\u5ce1\u8c37","rank":"0","modified":1406168981,"season":"4","created":"2014-07-09 11:14:30"},{"id":"800","role_id":"66","map":"\u7ecf\u5178\u6a21\u5f0f-\u53ec\u5524\u5e08\u5ce1\u8c37","rank":"0","modified":1406169013,"season":"4","created":"2014-07-09 11:05:31"},{"id":"799","role_id":"18","map":"\u7ecf\u5178\u6a21\u5f0f-\u53ec\u5524\u5e08\u5ce1\u8c37","rank":"0","modified":1406169033,"season":"4","created":"2014-07-09 10:57:33"},{"id":"798","role_id":"28","map":"\u7ecf\u5178\u6a21\u5f0f-\u53ec\u5524\u5e08\u5ce1\u8c37","rank":"0","modified":1419837616,"season":"4","created":"2014-07-09 10:56:17"},{"id":"797","role_id":"77","map":"\u7ecf\u5178\u6a21\u5f0f-\u53ec\u5524\u5e08\u5ce1\u8c37","rank":"0","modified":1406169050,"season":"4","created":"2014-07-09 10:49:37"},{"id":"796","role_id":"94","map":"\u7ecf\u5178\u6a21\u5f0f-\u53ec\u5524\u5e08\u5ce1\u8c37","rank":"0","modified":1406169055,"season":"4","created":"2014-07-09 10:47:54"},{"id":"795","role_id":"39","map":"\u7ecf\u5178\u6a21\u5f0f-\u53ec\u5524\u5e08\u5ce1\u8c37","rank":"0","modified":1406169060,"season":"4","created":"2014-07-09 10:44:59"},{"id":"794","role_id":"68","map":"\u7ecf\u5178\u6a21\u5f0f-\u53ec\u5524\u5e08\u5ce1\u8c37","rank":"0","modified":1406169073,"season":"4","created":"2014-07-09 10:40:11"},{"id":"793","role_id":"81","map":"\u7ecf\u5178\u6a21\u5f0f-\u53ec\u5524\u5e08\u5ce1\u8c37","rank":"0","modified":1406169079,"season":"4","created":"2014-07-09 10:37:09"},{"id":"792","role_id":"58","map":"\u7ecf\u5178\u6a21\u5f0f-\u53ec\u5524\u5e08\u5ce1\u8c37","rank":"0","modified":1423106664,"season":"4","created":"2014-07-09 10:32:07"},{"id":"791","role_id":"54","map":"\u7ecf\u5178\u6a21\u5f0f-\u53ec\u5524\u5e08\u5ce1\u8c37","rank":"0","modified":1406169100,"season":"4","created":"2014-07-09 10:24:44"},{"id":"790","role_id":"72","map":"\u7ecf\u5178\u6a21\u5f0f-\u53ec\u5524\u5e08\u5ce1\u8c37","rank":"0","modified":1406802926,"season":"4","created":"2014-07-09 10:23:10"},{"id":"789","role_id":"35","map":"\u7ecf\u5178\u6a21\u5f0f-\u53ec\u5524\u5e08\u5ce1\u8c37","rank":"0","modified":1406169116,"season":"4","created":"2014-07-09 10:11:13"},{"id":"788","role_id":"90","map":"\u7ecf\u5178\u6a21\u5f0f-\u53ec\u5524\u5e08\u5ce1\u8c37","rank":"0","modified":1406169122,"season":"4","created":"2014-07-09 10:02:41"},{"id":"786","role_id":"90","map":"\u7ecf\u5178\u6a21\u5f0f-\u53ec\u5524\u5e08\u5ce1\u8c37","rank":"0","modified":1406169129,"season":"4","created":"2014-07-08 22:49:37"},{"id":"785","role_id":"12","map":"\u7ecf\u5178\u6a21\u5f0f-\u53ec\u5524\u5e08\u5ce1\u8c37","rank":"0","modified":1406169136,"season":"4","created":"2014-07-08 22:43:27"},{"id":"784","role_id":"87","map":"\u7ecf\u5178\u6a21\u5f0f-\u53ec\u5524\u5e08\u5ce1\u8c37","rank":"0","modified":1406169142,"season":"4","created":"2014-07-08 22:37:42"},{"id":"783","role_id":"12","map":"\u7ecf\u5178\u6a21\u5f0f-\u53ec\u5524\u5e08\u5ce1\u8c37","rank":"0","modified":1406169150,"season":"4","created":"2014-07-08 22:31:49"},{"id":"782","role_id":"72","map":"\u7ecf\u5178\u6a21\u5f0f-\u53ec\u5524\u5e08\u5ce1\u8c37","rank":"0","modified":1406169165,"season":"4","created":"2014-07-08 18:12:02"},{"id":"781","role_id":"118","map":"\u7ecf\u5178\u6a21\u5f0f-\u53ec\u5524\u5e08\u5ce1\u8c37","rank":"0","modified":1406169200,"season":"4","created":"2014-07-08 18:09:34"},{"id":"780","role_id":"31","map":"\u7ecf\u5178\u6a21\u5f0f-\u53ec\u5524\u5e08\u5ce1\u8c37","rank":"0","modified":1406169180,"season":"4","created":"2014-07-08 18:06:13"},{"id":"779","role_id":"77","map":"\u7ecf\u5178\u6a21\u5f0f-\u53ec\u5524\u5e08\u5ce1\u8c37","rank":"0","modified":1406169266,"season":"4","created":"2014-07-08 18:01:05"},{"id":"778","role_id":"102","map":"\u7ecf\u5178\u6a21\u5f0f-\u53ec\u5524\u5e08\u5ce1\u8c37","rank":"0","modified":1406169276,"season":"4","created":"2014-07-08 17:51:39"},{"id":"777","role_id":"102","map":"\u7ecf\u5178\u6a21\u5f0f-\u53ec\u5524\u5e08\u5ce1\u8c37","rank":"0","modified":1406169285,"season":"4","created":"2014-07-08 17:45:08"},{"id":"773","role_id":"90","map":"\u7ecf\u5178\u6a21\u5f0f-\u53ec\u5524\u5e08\u5ce1\u8c37","rank":"0","modified":1406169302,"season":"4","created":"2014-07-08 17:01:14"},{"id":"771","role_id":"89","map":"\u7ecf\u5178\u6a21\u5f0f-\u53ec\u5524\u5e08\u5ce1\u8c37","rank":"0","modified":1406803238,"season":"4","created":"2014-07-08 16:55:34"},{"id":"769","role_id":"89","map":"\u7ecf\u5178\u6a21\u5f0f-\u53ec\u5524\u5e08\u5ce1\u8c37","rank":"0","modified":1406169159,"season":"4","created":"2014-07-08 16:47:21"},{"id":"768","role_id":"74","map":"\u7ecf\u5178\u6a21\u5f0f-\u53ec\u5524\u5e08\u5ce1\u8c37","rank":"0","modified":1406169310,"season":"4","created":"2014-07-08 16:42:02"},{"id":"766","role_id":"52","map":"\u7ecf\u5178\u6a21\u5f0f-\u53ec\u5524\u5e08\u5ce1\u8c37","rank":"0","modified":1419578702,"season":"4","created":"2014-07-08 16:35:14"},{"id":"765","role_id":"100","map":"\u7ecf\u5178\u6a21\u5f0f-\u53ec\u5524\u5e08\u5ce1\u8c37","rank":"0","modified":1406169317,"season":"4","created":"2014-07-08 16:34:54"},{"id":"758","role_id":"25","map":"\u7ecf\u5178\u6a21\u5f0f-\u53ec\u5524\u5e08\u5ce1\u8c37","rank":"0","modified":1423106460,"season":"4","created":"2014-07-08 16:04:26"},{"id":"756","role_id":"88","map":"\u7ecf\u5178\u6a21\u5f0f-\u53ec\u5524\u5e08\u5ce1\u8c37","rank":"0","modified":1406169352,"season":"4","created":"2014-07-08 15:57:31"},{"id":"751","role_id":"119","map":"\u7ecf\u5178\u6a21\u5f0f-\u53ec\u5524\u5e08\u5ce1\u8c37","rank":"0","modified":1406168065,"season":"4","created":"2014-07-08 15:34:04"},{"id":"750","role_id":"9","map":"\u7ecf\u5178\u6a21\u5f0f-\u53ec\u5524\u5e08\u5ce1\u8c37","rank":"0","modified":1404805195,"season":"4","created":"2014-07-08 15:30:21"},{"id":"741","role_id":"13","map":"\u7ecf\u5178\u6a21\u5f0f-\u53ec\u5524\u5e08\u5ce1\u8c37","rank":"0","modified":1404800372,"season":"4","created":"2014-07-08 14:10:31"},{"id":"740","role_id":"1","map":"\u7ecf\u5178\u6a21\u5f0f-\u53ec\u5524\u5e08\u5ce1\u8c37","rank":"0","modified":1404799716,"season":"4","created":"2014-07-08 14:02:26"},{"id":"735","role_id":"119","map":"\u7ecf\u5178\u6a21\u5f0f-\u53ec\u5524\u5e08\u5ce1\u8c37","rank":"0","modified":1406168054,"season":"4","created":"2014-07-08 10:45:46"},{"id":"734","role_id":"50","map":"\u7ecf\u5178\u6a21\u5f0f-\u53ec\u5524\u5e08\u5ce1\u8c37","rank":"0","modified":1406802775,"season":"4","created":"2014-07-08 10:43:54"},{"id":"732","role_id":"8","map":"\u7ecf\u5178\u6a21\u5f0f-\u53ec\u5524\u5e08\u5ce1\u8c37","rank":"0","modified":1423048502,"season":"4","created":"2014-07-08 10:32:42"},{"id":"731","role_id":"117","map":"\u7ecf\u5178\u6a21\u5f0f-\u53ec\u5524\u5e08\u5ce1\u8c37","rank":"0","modified":1406169363,"season":"4","created":"2014-07-08 10:29:03"},{"id":"729","role_id":"82","map":"\u7ecf\u5178\u6a21\u5f0f-\u53ec\u5524\u5e08\u5ce1\u8c37","rank":"0","modified":1406169369,"season":"4","created":"2014-07-07 17:16:28"},{"id":"727","role_id":"9","map":"\u7ecf\u5178\u6a21\u5f0f-\u53ec\u5524\u5e08\u5ce1\u8c37","rank":"0","modified":1404804526,"season":"4","created":"2014-07-07 15:32:00"},{"id":"726","role_id":"119","map":"\u7ecf\u5178\u6a21\u5f0f-\u53ec\u5524\u5e08\u5ce1\u8c37","rank":"0","modified":1406167821,"season":"4","created":"2014-05-22 14:12:07"},{"id":"722","role_id":"97","map":"\u6781\u5730\u5927\u4e71\u6597-\u568e\u54ed\u6df1\u6e0a","rank":"0","modified":1390270920,"season":"4","created":"2014-01-08 11:10:27"},{"id":"721","role_id":"61","map":"\u6781\u5730\u5927\u4e71\u6597-\u568e\u54ed\u6df1\u6e0a","rank":"0","modified":1389090629,"season":"4","created":"2014-01-07 18:28:12"},{"id":"720","role_id":"77","map":"\u6781\u5730\u5927\u4e71\u6597-\u568e\u54ed\u6df1\u6e0a","rank":"0","modified":1389090632,"season":"4","created":"2014-01-07 18:26:20"},{"id":"719","role_id":"6","map":"\u6781\u5730\u5927\u4e71\u6597-\u568e\u54ed\u6df1\u6e0a","rank":"0","modified":1389090635,"season":"4","created":"2014-01-07 18:24:10"},{"id":"718","role_id":"76","map":"\u6781\u5730\u5927\u4e71\u6597-\u568e\u54ed\u6df1\u6e0a","rank":"0","modified":1423107984,"season":"4","created":"2014-01-07 18:21:58"},{"id":"717","role_id":"16","map":"\u6781\u5730\u5927\u4e71\u6597-\u568e\u54ed\u6df1\u6e0a","rank":"0","modified":1389090639,"season":"4","created":"2014-01-07 18:18:25"},{"id":"716","role_id":"104","map":"\u6781\u5730\u5927\u4e71\u6597-\u568e\u54ed\u6df1\u6e0a","rank":"0","modified":1389090641,"season":"4","created":"2014-01-07 18:16:18"},{"id":"715","role_id":"64","map":"\u6781\u5730\u5927\u4e71\u6597-\u568e\u54ed\u6df1\u6e0a","rank":"0","modified":1389149124,"season":"4","created":"2014-01-07 18:14:00"},{"id":"714","role_id":"28","map":"\u6781\u5730\u5927\u4e71\u6597-\u568e\u54ed\u6df1\u6e0a","rank":"0","modified":1389090647,"season":"4","created":"2014-01-07 18:11:49"},{"id":"713","role_id":"49","map":"\u6781\u5730\u5927\u4e71\u6597-\u568e\u54ed\u6df1\u6e0a","rank":"0","modified":1389090649,"season":"4","created":"2014-01-07 18:08:13"},{"id":"712","role_id":"74","map":"\u6781\u5730\u5927\u4e71\u6597-\u568e\u54ed\u6df1\u6e0a","rank":"0","modified":1389090655,"season":"4","created":"2014-01-07 18:04:03"},{"id":"711","role_id":"5","map":"\u6781\u5730\u5927\u4e71\u6597-\u568e\u54ed\u6df1\u6e0a","rank":"0","modified":1389090661,"season":"4","created":"2014-01-07 18:02:00"},{"id":"710","role_id":"94","map":"\u6781\u5730\u5927\u4e71\u6597-\u568e\u54ed\u6df1\u6e0a","rank":"0","modified":1389090666,"season":"4","created":"2014-01-07 17:59:24"},{"id":"709","role_id":"68","map":"\u6781\u5730\u5927\u4e71\u6597-\u568e\u54ed\u6df1\u6e0a","rank":"0","modified":1389150554,"season":"4","created":"2014-01-07 17:57:14"},{"id":"708","role_id":"82","map":"\u6781\u5730\u5927\u4e71\u6597-\u568e\u54ed\u6df1\u6e0a","rank":"0","modified":1389090676,"season":"4","created":"2014-01-07 17:54:54"},{"id":"707","role_id":"98","map":"\u6781\u5730\u5927\u4e71\u6597-\u568e\u54ed\u6df1\u6e0a","rank":"0","modified":1389090681,"season":"4","created":"2014-01-07 17:52:38"},{"id":"706","role_id":"7","map":"\u6781\u5730\u5927\u4e71\u6597-\u568e\u54ed\u6df1\u6e0a","rank":"0","modified":1389150348,"season":"4","created":"2014-01-07 17:50:24"},{"id":"705","role_id":"55","map":"\u6781\u5730\u5927\u4e71\u6597-\u568e\u54ed\u6df1\u6e0a","rank":"0","modified":1389150361,"season":"4","created":"2014-01-07 17:47:08"},{"id":"704","role_id":"56","map":"\u6781\u5730\u5927\u4e71\u6597-\u568e\u54ed\u6df1\u6e0a","rank":"0","modified":1389150375,"season":"4","created":"2014-01-07 17:45:10"},{"id":"703","role_id":"108","map":"\u6781\u5730\u5927\u4e71\u6597-\u568e\u54ed\u6df1\u6e0a","rank":"0","modified":1389090700,"season":"4","created":"2014-01-07 17:43:18"},{"id":"702","role_id":"58","map":"\u6781\u5730\u5927\u4e71\u6597-\u568e\u54ed\u6df1\u6e0a","rank":"0","modified":1423106635,"season":"4","created":"2014-01-07 17:41:14"},{"id":"701","role_id":"17","map":"\u6781\u5730\u5927\u4e71\u6597-\u568e\u54ed\u6df1\u6e0a","rank":"0","modified":1389090710,"season":"4","created":"2014-01-07 17:38:56"},{"id":"700","role_id":"18","map":"\u6781\u5730\u5927\u4e71\u6597-\u568e\u54ed\u6df1\u6e0a","rank":"0","modified":1389090715,"season":"4","created":"2014-01-07 17:36:30"},{"id":"699","role_id":"72","map":"\u6781\u5730\u5927\u4e71\u6597-\u568e\u54ed\u6df1\u6e0a","rank":"0","modified":1389090722,"season":"4","created":"2014-01-07 17:34:37"},{"id":"698","role_id":"73","map":"\u6781\u5730\u5927\u4e71\u6597-\u568e\u54ed\u6df1\u6e0a","rank":"0","modified":1389090728,"season":"4","created":"2014-01-07 17:32:39"},{"id":"697","role_id":"90","map":"\u6781\u5730\u5927\u4e71\u6597-\u568e\u54ed\u6df1\u6e0a","rank":"0","modified":1389090737,"season":"4","created":"2014-01-07 17:30:32"},{"id":"696","role_id":"12","map":"\u6781\u5730\u5927\u4e71\u6597-\u568e\u54ed\u6df1\u6e0a","rank":"0","modified":1389090741,"season":"4","created":"2014-01-07 17:26:02"},{"id":"695","role_id":"83","map":"\u6781\u5730\u5927\u4e71\u6597-\u568e\u54ed\u6df1\u6e0a","rank":"0","modified":1423108052,"season":"4","created":"2014-01-07 17:23:39"},{"id":"694","role_id":"46","map":"\u6781\u5730\u5927\u4e71\u6597-\u568e\u54ed\u6df1\u6e0a","rank":"0","modified":1389090754,"season":"4","created":"2014-01-07 17:21:39"},{"id":"693","role_id":"101","map":"\u6781\u5730\u5927\u4e71\u6597-\u568e\u54ed\u6df1\u6e0a","rank":"0","modified":1389150323,"season":"4","created":"2014-01-07 17:18:18"},{"id":"692","role_id":"89","map":"\u6781\u5730\u5927\u4e71\u6597-\u568e\u54ed\u6df1\u6e0a","rank":"0","modified":1389090764,"season":"4","created":"2014-01-07 17:16:03"},{"id":"691","role_id":"31","map":"\u6781\u5730\u5927\u4e71\u6597-\u568e\u54ed\u6df1\u6e0a","rank":"0","modified":1389090769,"season":"4","created":"2014-01-07 17:13:58"},{"id":"690","role_id":"33","map":"\u6781\u5730\u5927\u4e71\u6597-\u568e\u54ed\u6df1\u6e0a","rank":"0","modified":1389090773,"season":"4","created":"2014-01-07 17:01:26"},{"id":"689","role_id":"110","map":"\u6781\u5730\u5927\u4e71\u6597-\u568e\u54ed\u6df1\u6e0a","rank":"0","modified":1389090777,"season":"4","created":"2014-01-07 16:58:31"},{"id":"688","role_id":"79","map":"\u6781\u5730\u5927\u4e71\u6597-\u568e\u54ed\u6df1\u6e0a","rank":"0","modified":1389090782,"season":"4","created":"2014-01-07 16:56:00"},{"id":"687","role_id":"86","map":"\u6781\u5730\u5927\u4e71\u6597-\u568e\u54ed\u6df1\u6e0a","rank":"0","modified":1423108332,"season":"4","created":"2014-01-07 16:53:27"},{"id":"686","role_id":"97","map":"\u6781\u5730\u5927\u4e71\u6597-\u568e\u54ed\u6df1\u6e0a","rank":"0","modified":1389090791,"season":"4","created":"2014-01-07 16:50:56"},{"id":"685","role_id":"66","map":"\u6781\u5730\u5927\u4e71\u6597-\u568e\u54ed\u6df1\u6e0a","rank":"0","modified":1423107868,"season":"4","created":"2014-01-07 16:48:45"},{"id":"684","role_id":"19","map":"\u6781\u5730\u5927\u4e71\u6597-\u568e\u54ed\u6df1\u6e0a","rank":"0","modified":1389090804,"season":"4","created":"2014-01-07 16:46:52"},{"id":"683","role_id":"115","map":"\u6781\u5730\u5927\u4e71\u6597-\u568e\u54ed\u6df1\u6e0a","rank":"0","modified":1389090809,"season":"4","created":"2014-01-07 16:44:56"},{"id":"682","role_id":"112","map":"\u6781\u5730\u5927\u4e71\u6597-\u568e\u54ed\u6df1\u6e0a","rank":"0","modified":1389090815,"season":"4","created":"2014-01-07 16:43:03"},{"id":"681","role_id":"109","map":"\u6781\u5730\u5927\u4e71\u6597-\u568e\u54ed\u6df1\u6e0a","rank":"0","modified":1389090822,"season":"4","created":"2014-01-07 16:40:05"},{"id":"680","role_id":"57","map":"\u6781\u5730\u5927\u4e71\u6597-\u568e\u54ed\u6df1\u6e0a","rank":"0","modified":1389090831,"season":"4","created":"2014-01-07 16:37:58"},{"id":"679","role_id":"111","map":"\u6781\u5730\u5927\u4e71\u6597-\u568e\u54ed\u6df1\u6e0a","rank":"0","modified":1389090836,"season":"4","created":"2014-01-07 16:35:56"},{"id":"678","role_id":"78","map":"\u6781\u5730\u5927\u4e71\u6597-\u568e\u54ed\u6df1\u6e0a","rank":"0","modified":1389090841,"season":"4","created":"2014-01-07 16:33:44"},{"id":"677","role_id":"13","map":"\u6781\u5730\u5927\u4e71\u6597-\u568e\u54ed\u6df1\u6e0a","rank":"0","modified":1389090845,"season":"4","created":"2014-01-07 16:31:37"},{"id":"676","role_id":"63","map":"\u6781\u5730\u5927\u4e71\u6597-\u568e\u54ed\u6df1\u6e0a","rank":"0","modified":1389090850,"season":"4","created":"2014-01-07 15:57:52"},{"id":"675","role_id":"32","map":"\u6781\u5730\u5927\u4e71\u6597-\u568e\u54ed\u6df1\u6e0a","rank":"0","modified":1389150252,"season":"4","created":"2014-01-07 15:55:35"},{"id":"674","role_id":"37","map":"\u6781\u5730\u5927\u4e71\u6597-\u568e\u54ed\u6df1\u6e0a","rank":"0","modified":1389090860,"season":"4","created":"2014-01-07 15:53:07"},{"id":"673","role_id":"81","map":"\u6781\u5730\u5927\u4e71\u6597-\u568e\u54ed\u6df1\u6e0a","rank":"0","modified":1389090865,"season":"4","created":"2014-01-07 15:50:12"},{"id":"672","role_id":"3","map":"\u6781\u5730\u5927\u4e71\u6597-\u568e\u54ed\u6df1\u6e0a","rank":"0","modified":1389150291,"season":"4","created":"2014-01-07 15:47:23"},{"id":"671","role_id":"44","map":"\u6781\u5730\u5927\u4e71\u6597-\u568e\u54ed\u6df1\u6e0a","rank":"0","modified":1389090875,"season":"4","created":"2014-01-07 15:42:50"},{"id":"670","role_id":"14","map":"\u6781\u5730\u5927\u4e71\u6597-\u568e\u54ed\u6df1\u6e0a","rank":"0","modified":1389090880,"season":"4","created":"2014-01-07 15:40:36"},{"id":"669","role_id":"75","map":"\u6781\u5730\u5927\u4e71\u6597-\u568e\u54ed\u6df1\u6e0a","rank":"0","modified":1389090884,"season":"4","created":"2014-01-07 15:37:34"},{"id":"668","role_id":"47","map":"\u6781\u5730\u5927\u4e71\u6597-\u568e\u54ed\u6df1\u6e0a","rank":"0","modified":1389238174,"season":"4","created":"2014-01-07 15:35:28"},{"id":"667","role_id":"106","map":"\u6781\u5730\u5927\u4e71\u6597-\u568e\u54ed\u6df1\u6e0a","rank":"0","modified":1389090893,"season":"4","created":"2014-01-07 15:33:17"},{"id":"666","role_id":"43","map":"\u6781\u5730\u5927\u4e71\u6597-\u568e\u54ed\u6df1\u6e0a","rank":"0","modified":1389090897,"season":"4","created":"2014-01-07 15:30:35"},{"id":"665","role_id":"65","map":"\u6781\u5730\u5927\u4e71\u6597-\u568e\u54ed\u6df1\u6e0a","rank":"0","modified":1389090902,"season":"4","created":"2014-01-07 15:26:20"},{"id":"664","role_id":"60","map":"\u6781\u5730\u5927\u4e71\u6597-\u568e\u54ed\u6df1\u6e0a","rank":"0","modified":1389090908,"season":"4","created":"2014-01-07 15:23:09"},{"id":"663","role_id":"50","map":"\u6781\u5730\u5927\u4e71\u6597-\u568e\u54ed\u6df1\u6e0a","rank":"0","modified":1389150231,"season":"4","created":"2014-01-07 15:19:24"},{"id":"662","role_id":"71","map":"\u6781\u5730\u5927\u4e71\u6597-\u568e\u54ed\u6df1\u6e0a","rank":"0","modified":1389090918,"season":"4","created":"2014-01-07 15:15:50"},{"id":"661","role_id":"27","map":"\u6781\u5730\u5927\u4e71\u6597-\u568e\u54ed\u6df1\u6e0a","rank":"0","modified":1389090923,"season":"4","created":"2014-01-07 15:01:39"},{"id":"660","role_id":"35","map":"\u6781\u5730\u5927\u4e71\u6597-\u568e\u54ed\u6df1\u6e0a","rank":"0","modified":1389090930,"season":"4","created":"2014-01-07 14:57:54"},{"id":"659","role_id":"21","map":"\u6781\u5730\u5927\u4e71\u6597-\u568e\u54ed\u6df1\u6e0a","rank":"0","modified":1389090943,"season":"4","created":"2014-01-07 14:55:09"},{"id":"658","role_id":"59","map":"\u6781\u5730\u5927\u4e71\u6597-\u568e\u54ed\u6df1\u6e0a","rank":"0","modified":1389090952,"season":"4","created":"2014-01-07 14:51:29"},{"id":"657","role_id":"24","map":"\u6781\u5730\u5927\u4e71\u6597-\u568e\u54ed\u6df1\u6e0a","rank":"0","modified":1389090958,"season":"4","created":"2014-01-07 14:48:00"},{"id":"656","role_id":"103","map":"\u6781\u5730\u5927\u4e71\u6597-\u568e\u54ed\u6df1\u6e0a","rank":"0","modified":1389090967,"season":"4","created":"2014-01-07 14:44:46"},{"id":"655","role_id":"100","map":"\u6781\u5730\u5927\u4e71\u6597-\u568e\u54ed\u6df1\u6e0a","rank":"0","modified":1389090972,"season":"4","created":"2014-01-07 14:40:57"},{"id":"654","role_id":"96","map":"\u6781\u5730\u5927\u4e71\u6597-\u568e\u54ed\u6df1\u6e0a","rank":"0","modified":1389090977,"season":"4","created":"2014-01-07 14:32:29"},{"id":"653","role_id":"87","map":"\u6781\u5730\u5927\u4e71\u6597-\u568e\u54ed\u6df1\u6e0a","rank":"0","modified":1389090983,"season":"4","created":"2014-01-07 14:30:06"},{"id":"652","role_id":"42","map":"\u6781\u5730\u5927\u4e71\u6597-\u568e\u54ed\u6df1\u6e0a","rank":"0","modified":1389150195,"season":"4","created":"2014-01-07 14:27:27"},{"id":"651","role_id":"34","map":"\u6781\u5730\u5927\u4e71\u6597-\u568e\u54ed\u6df1\u6e0a","rank":"0","modified":1389090993,"season":"4","created":"2014-01-07 14:22:09"},{"id":"650","role_id":"22","map":"\u6781\u5730\u5927\u4e71\u6597-\u568e\u54ed\u6df1\u6e0a","rank":"0","modified":1389090998,"season":"4","created":"2014-01-07 14:17:31"},{"id":"649","role_id":"52","map":"\u6781\u5730\u5927\u4e71\u6597-\u568e\u54ed\u6df1\u6e0a","rank":"0","modified":1389091007,"season":"4","created":"2014-01-07 14:11:54"},{"id":"648","role_id":"23","map":"\u6781\u5730\u5927\u4e71\u6597-\u568e\u54ed\u6df1\u6e0a","rank":"0","modified":1423106362,"season":"4","created":"2014-01-07 14:04:32"},{"id":"647","role_id":"102","map":"\u6781\u5730\u5927\u4e71\u6597-\u568e\u54ed\u6df1\u6e0a","rank":"0","modified":1389091017,"season":"4","created":"2014-01-07 13:59:54"},{"id":"646","role_id":"99","map":"\u6781\u5730\u5927\u4e71\u6597-\u568e\u54ed\u6df1\u6e0a","rank":"0","modified":1389091022,"season":"4","created":"2014-01-07 13:56:39"},{"id":"645","role_id":"11","map":"\u6781\u5730\u5927\u4e71\u6597-\u568e\u54ed\u6df1\u6e0a","rank":"0","modified":1389091027,"season":"4","created":"2014-01-07 13:53:00"},{"id":"644","role_id":"117","map":"\u6781\u5730\u5927\u4e71\u6597-\u568e\u54ed\u6df1\u6e0a","rank":"0","modified":1389091033,"season":"4","created":"2014-01-07 13:49:29"},{"id":"643","role_id":"10","map":"\u6781\u5730\u5927\u4e71\u6597-\u568e\u54ed\u6df1\u6e0a","rank":"0","modified":1423106280,"season":"4","created":"2014-01-07 13:43:40"},{"id":"642","role_id":"2","map":"\u6781\u5730\u5927\u4e71\u6597-\u568e\u54ed\u6df1\u6e0a","rank":"0","modified":1389091043,"season":"4","created":"2014-01-07 13:40:29"},{"id":"641","role_id":"45","map":"\u6781\u5730\u5927\u4e71\u6597-\u568e\u54ed\u6df1\u6e0a","rank":"0","modified":1389091048,"season":"4","created":"2014-01-07 13:38:04"},{"id":"640","role_id":"4","map":"\u6781\u5730\u5927\u4e71\u6597-\u568e\u54ed\u6df1\u6e0a","rank":"0","modified":1389238430,"season":"4","created":"2014-01-07 13:35:13"},{"id":"639","role_id":"70","map":"\u6781\u5730\u5927\u4e71\u6597-\u568e\u54ed\u6df1\u6e0a","rank":"0","modified":1423107899,"season":"4","created":"2014-01-07 13:29:50"},{"id":"638","role_id":"69","map":"\u6781\u5730\u5927\u4e71\u6597-\u568e\u54ed\u6df1\u6e0a","rank":"0","modified":1389252907,"season":"4","created":"2014-01-07 13:20:29"},{"id":"637","role_id":"62","map":"\u6781\u5730\u5927\u4e71\u6597-\u568e\u54ed\u6df1\u6e0a","rank":"0","modified":1389091067,"season":"4","created":"2014-01-07 13:10:47"},{"id":"636","role_id":"40","map":"\u6781\u5730\u5927\u4e71\u6597-\u568e\u54ed\u6df1\u6e0a","rank":"0","modified":1389091072,"season":"4","created":"2014-01-06 17:50:55"},{"id":"635","role_id":"39","map":"\u6781\u5730\u5927\u4e71\u6597-\u568e\u54ed\u6df1\u6e0a","rank":"0","modified":1389091080,"season":"4","created":"2014-01-06 17:47:28"},{"id":"634","role_id":"88","map":"\u6781\u5730\u5927\u4e71\u6597-\u568e\u54ed\u6df1\u6e0a","rank":"0","modified":1423108376,"season":"4","created":"2014-01-06 17:45:03"},{"id":"633","role_id":"105","map":"\u6781\u5730\u5927\u4e71\u6597-\u568e\u54ed\u6df1\u6e0a","rank":"0","modified":1389091091,"season":"4","created":"2014-01-06 17:42:03"},{"id":"632","role_id":"51","map":"\u6781\u5730\u5927\u4e71\u6597-\u568e\u54ed\u6df1\u6e0a","rank":"0","modified":1389091096,"season":"4","created":"2014-01-06 17:40:09"},{"id":"631","role_id":"85","map":"\u6781\u5730\u5927\u4e71\u6597-\u568e\u54ed\u6df1\u6e0a","rank":"0","modified":1423108298,"season":"4","created":"2014-01-06 17:32:37"},{"id":"630","role_id":"26","map":"\u6781\u5730\u5927\u4e71\u6597-\u568e\u54ed\u6df1\u6e0a","rank":"0","modified":1389091114,"season":"4","created":"2014-01-06 17:30:58"},{"id":"629","role_id":"54","map":"\u6781\u5730\u5927\u4e71\u6597-\u568e\u54ed\u6df1\u6e0a","rank":"0","modified":1389091121,"season":"4","created":"2014-01-06 17:27:38"},{"id":"628","role_id":"29","map":"\u6781\u5730\u5927\u4e71\u6597-\u568e\u54ed\u6df1\u6e0a","rank":"0","modified":1389150118,"season":"4","created":"2014-01-06 17:25:40"},{"id":"627","role_id":"91","map":"\u6781\u5730\u5927\u4e71\u6597-\u568e\u54ed\u6df1\u6e0a","rank":"0","modified":1389091135,"season":"4","created":"2014-01-06 17:23:38"},{"id":"626","role_id":"80","map":"\u6781\u5730\u5927\u4e71\u6597-\u568e\u54ed\u6df1\u6e0a","rank":"0","modified":1389091145,"season":"4","created":"2014-01-06 17:21:47"},{"id":"625","role_id":"1","map":"\u6781\u5730\u5927\u4e71\u6597-\u568e\u54ed\u6df1\u6e0a","rank":"0","modified":1389150084,"season":"4","created":"2014-01-06 17:18:34"},{"id":"624","role_id":"95","map":"\u6781\u5730\u5927\u4e71\u6597-\u568e\u54ed\u6df1\u6e0a","rank":"0","modified":1389238112,"season":"4","created":"2014-01-06 17:04:08"},{"id":"623","role_id":"48","map":"\u6781\u5730\u5927\u4e71\u6597-\u568e\u54ed\u6df1\u6e0a","rank":"0","modified":1389091166,"season":"4","created":"2014-01-06 17:00:03"},{"id":"622","role_id":"107","map":"\u6781\u5730\u5927\u4e71\u6597-\u568e\u54ed\u6df1\u6e0a","rank":"0","modified":1389091174,"season":"4","created":"2014-01-06 16:57:35"},{"id":"621","role_id":"30","map":"\u6781\u5730\u5927\u4e71\u6597-\u568e\u54ed\u6df1\u6e0a","rank":"0","modified":1389091181,"season":"4","created":"2014-01-06 16:53:36"},{"id":"620","role_id":"41","map":"\u6781\u5730\u5927\u4e71\u6597-\u568e\u54ed\u6df1\u6e0a","rank":"0","modified":1389149982,"season":"4","created":"2014-01-06 16:50:44"},{"id":"619","role_id":"92","map":"\u6781\u5730\u5927\u4e71\u6597-\u568e\u54ed\u6df1\u6e0a","rank":"0","modified":1389149998,"season":"4","created":"2014-01-06 16:47:22"},{"id":"618","role_id":"15","map":"\u6781\u5730\u5927\u4e71\u6597-\u568e\u54ed\u6df1\u6e0a","rank":"0","modified":1389091207,"season":"4","created":"2014-01-06 16:45:28"},{"id":"617","role_id":"25","map":"\u6781\u5730\u5927\u4e71\u6597-\u568e\u54ed\u6df1\u6e0a","rank":"0","modified":1389150016,"season":"4","created":"2014-01-06 16:43:40"},{"id":"616","role_id":"38","map":"\u6781\u5730\u5927\u4e71\u6597-\u568e\u54ed\u6df1\u6e0a","rank":"0","modified":1389150035,"season":"4","created":"2014-01-06 16:41:10"},{"id":"615","role_id":"36","map":"\u6781\u5730\u5927\u4e71\u6597-\u568e\u54ed\u6df1\u6e0a","rank":"0","modified":1389091228,"season":"4","created":"2014-01-06 16:39:09"},{"id":"614","role_id":"113","map":"\u6781\u5730\u5927\u4e71\u6597-\u568e\u54ed\u6df1\u6e0a","rank":"0","modified":1406801765,"season":"4","created":"2014-01-06 16:37:08"},{"id":"613","role_id":"67","map":"\u6781\u5730\u5927\u4e71\u6597-\u568e\u54ed\u6df1\u6e0a","rank":"0","modified":1389091245,"season":"4","created":"2014-01-06 16:34:17"},{"id":"611","role_id":"84","map":"\u6781\u5730\u5927\u4e71\u6597-\u568e\u54ed\u6df1\u6e0a","rank":"0","modified":1389150051,"season":"4","created":"2014-01-06 16:28:47"},{"id":"610","role_id":"20","map":"\u6781\u5730\u5927\u4e71\u6597-\u568e\u54ed\u6df1\u6e0a","rank":"0","modified":1389091265,"season":"4","created":"2014-01-06 16:26:21"},{"id":"609","role_id":"9","map":"\u6781\u5730\u5927\u4e71\u6597-\u568e\u54ed\u6df1\u6e0a","rank":"0","modified":1389149959,"season":"4","created":"2014-01-06 16:23:44"},{"id":"608","role_id":"93","map":"\u6781\u5730\u5927\u4e71\u6597-\u568e\u54ed\u6df1\u6e0a","rank":"0","modified":1389091277,"season":"4","created":"2014-01-06 16:21:02"},{"id":"607","role_id":"114","map":"\u6781\u5730\u5927\u4e71\u6597-\u568e\u54ed\u6df1\u6e0a","rank":"0","modified":1389091283,"season":"4","created":"2014-01-06 10:50:21"},{"id":"606","role_id":"53","map":"\u6781\u5730\u5927\u4e71\u6597-\u568e\u54ed\u6df1\u6e0a","rank":"0","modified":1389091291,"season":"4","created":"2014-01-06 10:32:40"},{"id":"605","role_id":"8","map":"\u6781\u5730\u5927\u4e71\u6597-\u568e\u54ed\u6df1\u6e0a","rank":"0","modified":1423105909,"season":"4","created":"2014-01-06 10:27:26"},{"id":"561","role_id":"79","map":"\u7ecf\u5178\u6a21\u5f0f-\u53ec\u5524\u5e08\u5ce1\u8c37","rank":"0","modified":1406023378,"season":"4","created":"2013-12-24 11:04:59"},{"id":"558","role_id":"72","map":"\u7ecf\u5178\u6a21\u5f0f-\u53ec\u5524\u5e08\u5ce1\u8c37","rank":"0","modified":1406022769,"season":"4","created":"2013-12-20 11:27:05"},{"id":"513","role_id":"60","map":"\u7ecf\u5178\u6a21\u5f0f-\u53ec\u5524\u5e08\u5ce1\u8c37","rank":"0","modified":1406022446,"season":"4","created":"2013-12-12 14:59:44"},{"id":"509","role_id":"79","map":"\u7ecf\u5178\u6a21\u5f0f-\u53ec\u5524\u5e08\u5ce1\u8c37","rank":"0","modified":1406023385,"season":"4","created":"2013-12-12 14:41:35"},{"id":"505","role_id":"72","map":"\u7ecf\u5178\u6a21\u5f0f-\u53ec\u5524\u5e08\u5ce1\u8c37","rank":"0","modified":1406022601,"season":"4","created":"2013-12-12 14:23:52"}],"code":200,"message":"ok","api":1}